"accident_number","date_and_time","number_of_motor_vehicles","number_of_injuries","number_of_fatalities","property_damage","hit_and_run","reporting_officer","collision_type","collision_type_description","weather","weather_description","illuaccidemination","illumination_description","harmfulcodes","harmfuldescriptions","street_address","city","state","zip","rpa","precinct","lat","long","mapped_location"
"20200643150","2020-10-10T21:40:00.000","2","0","0",,"true","391683","11","Front to Rear","2","RAIN","2","DARK - NOT LIGHTED","12","MOTOR VEHICLE IN TRANSPORT","I40 E ENT RAMP & I 65","NASHVILLE","TN","37208","44040","NORTH","36.1768","-86.8011","POINT (-86.8011 36.1768)"
"20200643143","2020-10-10T21:14:00.000","2","0","0",,"false","352215","4","ANGLE","2","RAIN","3","DARK - LIGHTED","12","MOTOR VEHICLE IN TRANSPORT","BRILEY PKWYN & BRILEY PKWY N EXT RAMP","NASHVILLE","TN","37214","9294","HERMIT","36.1977","-86.688","POINT (-86.688 36.1977)"
"20200643118","2020-10-10T20:20:00.000","2","0","0",,"true","330422","4","ANGLE","2","RAIN","3","DARK - LIGHTED","12","MOTOR VEHICLE IN TRANSPORT","I24 W ENT RAMP & I 24","NASHVILLE","TN","37206","1009","EAST","36.1666","-86.7638","POINT (-86.7638 36.1666)"
"20200643110","2020-10-10T20:34:00.000","2","2","0",,"false","330415","11","Front to Rear",,,"3","DARK - LIGHTED","12","MOTOR VEHICLE IN TRANSPORT","0 BELL RD","NASHVILLE","TN","37214","8959","HERMIT","36.1533","-86.6227","POINT (-86.6227 36.1533)"
"20200643106","2020-10-10T19:07:00.000","2","0","0",,"true","299243","4","ANGLE",,,"3","DARK - LIGHTED","12","MOTOR VEHICLE IN TRANSPORT","GALLATIN PKES & NEELYS BEND RD","MADISON","TN","37115","1605","MADISO","36.2566","-86.7142","POINT (-86.7142 36.2566)"
"20200643094","2020-10-10T20:20:00.000","2","5","0",,"false","256374","11","Front to Rear",,,"3","DARK - LIGHTED","12","MOTOR VEHICLE IN TRANSPORT","MM 204 5 I 40","NASHVILLE","TN","37209","52022","WEST","36.1537","-86.8487","POINT (-86.8487 36.1537)"
"20200643089","2020-10-10T20:20:00.000","1","0","0",,"false","330419","0","NOT COLLISION W/MOTOR VEHICLE-TRANSPORT",,,"3","DARK - LIGHTED","63;7","Ran Off Road-Right","EARHART RD & RISING FAWN TRL","HERMITAGE","TN","37076","9515","HERMIT","36.1676","-86.5714","POINT (-86.5714 36.1676)"
"20200643076","2020-10-10T14:46:00.000","2","0","0",,"true","320599","11","Front to Rear",,,"1","DAYLIGHT","12;14","MOTOR VEHICLE IN TRANSPORT;PARKED MOTOR VEHICLE","BOWWOOD CT & MURFREESBORO PKE","NASHVILLE","TN","37217","8811","SOUTH","36.1256","-86.7098","POINT (-86.7098 36.1256)"
"20200643072","2020-10-10T20:00:00.000","2","1","0",,"false","330417","5","SIDESWIPE - SAME DIRECTION","2","RAIN","3","DARK - LIGHTED","12","MOTOR VEHICLE IN TRANSPORT","MM 56 5 I 24","NASHVILLE","TN","37211","8708","SOUTH","36.0756","-86.6938","POINT (-86.6938 36.0756)"
"20200643055","2020-10-10T19:40:00.000","1","1","0",,"false","330422","0","NOT COLLISION W/MOTOR VEHICLE-TRANSPORT","2","RAIN","2","DARK - NOT LIGHTED","36","CONCRETE TRAFFIC BARRIER","MM 61 8 I 24","ANTIOCH","TN","37013","8806","SOUTH","36.0231","-86.6301","POINT (-86.6301 36.0231)"
"20200643053","2020-10-10T19:40:00.000","3","2","0",,"false","298860","11","Front to Rear",,,"2","DARK - NOT LIGHTED","12","MOTOR VEHICLE IN TRANSPORT","FRIST BLVD & STATE HWY 45","HERMITAGE","TN","37076","9561","HERMIT","36.1815","-86.6079","POINT (-86.6079 36.1815)"
"20200643031","2020-10-10T00:00:00.000","2","0","0",,"false","352195","98","OTHER",,,"3","DARK - LIGHTED","12","MOTOR VEHICLE IN TRANSPORT","I65 N EXT RAMP & I 65","NASHVILLE","TN","37207","1863","EAST","36.2057","-86.7747","POINT (-86.7747 36.2057)"
"20200643021","2020-10-10T19:12:00.000","1","1","0",,"false","409214","0","NOT COLLISION W/MOTOR VEHICLE-TRANSPORT","2","RAIN","3","DARK - LIGHTED","8","PEDESTRIAN","LUNA DR & ANTIOCH PKE","NASHVILLE","TN","37211","8889","SOUTH","36.075","-86.6819","POINT (-86.6819 36.075)"
"20200643007","2020-10-10T19:03:00.000","2","0","0",,"false","384421","4","ANGLE","21","CLEAR","3","DARK - LIGHTED","12","MOTOR VEHICLE IN TRANSPORT","AMBONNAY DR & DOLCETTO GROVE","ANTIOCH","TN","37013","8767","SOUTH","36.0002","-86.6893","POINT (-86.6893 36.0002)"
"20200643002","2020-10-10T18:22:00.000","2","0","0",,"true","409206","4","ANGLE","2","RAIN","2","DARK - NOT LIGHTED","12","MOTOR VEHICLE IN TRANSPORT","LARCHMONT FRONTAGE RD & ARCHWOOD DR","MADISON","TN","37115","1705","MADISO","36.2641","-86.6874","POINT (-86.6874 36.2641)"
"20200642987","2020-10-10T18:00:00.000","2","1","0",,"false","352204","4","ANGLE",,,"3","DARK - LIGHTED","12","MOTOR VEHICLE IN TRANSPORT","BROOK HOLLOW RD & CHARLOTTE PKE","NASHVILLE","TN","37205","5013","WEST","36.1358","-86.8852","POINT (-86.8852 36.1358)"
"20200642956","2020-10-10T18:14:00.000","2","0","0",,"false","256392","11","Front to Rear",,,"3","DARK - LIGHTED","12","MOTOR VEHICLE IN TRANSPORT","12TH AVS & WEDGEWOOD AV","NASHVILLE","TN","37212","6617","MIDTOW","36.1364","-86.7886","POINT (-86.7886 36.1364)"
"20200642950","2020-10-10T17:55:00.000","2","0","0",,"true","384449","6","SIDESWIPE - OPPOSITE DIRECTION",,,"1","DAYLIGHT","12","MOTOR VEHICLE IN TRANSPORT","MURFREESBORO PKE & HAMILTON CHURCH RD","ANTIOCH","TN","37013","8865","SOUTH","36.0649","-86.6286","POINT (-86.6286 36.0649)"
"20200642941","2020-10-10T17:55:00.000","1","1","0",,"false","352172","0","NOT COLLISION W/MOTOR VEHICLE-TRANSPORT",,,"1","DAYLIGHT","1",,"MM 198 3 I 40","NASHVILLE","TN","37221","4706","WEST","36.1016","-86.9343","POINT (-86.9343 36.1016)"
"20200642928","2020-10-10T17:38:00.000","1","0","0",,"false","4001094","0","NOT COLLISION W/MOTOR VEHICLE-TRANSPORT",,,"2","DARK - NOT LIGHTED","34","DITCH","HICKS RD & CLUB PKWY","NASHVILLE","TN","37221","4815","WEST","36.08","-86.9278","POINT (-86.9278 36.08)"
"20200642926","2020-10-10T11:48:00.000","1","0","0",,"false","352215","0","NOT COLLISION W/MOTOR VEHICLE-TRANSPORT","2","RAIN","1","DAYLIGHT","18","OTHER OBJECT (NOT FIXED)","MM 52 4 I 24","NASHVILLE","TN","37210","82061","HERMIT","36.139","-86.727","POINT (-86.727 36.139)"
"20200642920","2020-10-10T17:31:00.000","2","1","0",,"true","256386","4","ANGLE",,,"1","DAYLIGHT","12","MOTOR VEHICLE IN TRANSPORT","HARDING PL & TROUSDALE DR","NASHVILLE","TN","37220","8601","MIDTOW","36.0811","-86.7584","POINT (-86.7584 36.0811)"
"20200642896","2020-10-10T17:11:00.000","2","0","0",,"false","298877","11","Front to Rear",,,"1","DAYLIGHT","12","MOTOR VEHICLE IN TRANSPORT","HILLSBORO PKE & BURTON HILLS BLVD","NASHVILLE","TN","37215","6115","WEST","36.0977","-86.8233","POINT (-86.8233 36.0977)"
"20200642886","2020-10-10T16:40:00.000","2","0","0",,"true","352186","11","Front to Rear","2","RAIN","1","DAYLIGHT","12","MOTOR VEHICLE IN TRANSPORT","OKEE TRL & UNA ANTIOCH PKE","ANTIOCH","TN","37013","8861","SOUTH","36.0774","-86.6579","POINT (-86.6579 36.0774)"
"20200642858","2020-10-10T16:35:00.000","1","0","0",,"false","384437","0","NOT COLLISION W/MOTOR VEHICLE-TRANSPORT","22","CLOUDY","1","DAYLIGHT","7",,"10TH AVS & 10TH AVN","NASHVILLE","TN","37203","4077","CENTRA","36.158","-86.7843","POINT (-86.7843 36.158)"
"20200642847","2020-10-10T16:31:00.000","2","0","0",,"false","179583","4","ANGLE",,,"1","DAYLIGHT","12","MOTOR VEHICLE IN TRANSPORT","GALLATIN PKEN & OLD TIME VILLAGE PVTDR","MADISON","TN","37115","1701","MADISO","36.2638","-86.7117","POINT (-86.7117 36.2638)"
"20200642834","2020-10-10T16:26:00.000","2","0","0",,"false","4001148","4","ANGLE",,,"1","DAYLIGHT","12","MOTOR VEHICLE IN TRANSPORT","OLD HICKORY BLVD & HICKORY PLZ","NASHVILLE","TN","37211","8655","MIDTOW","36.0453","-86.717","POINT (-86.717 36.0453)"
"20200642821","2020-10-10T16:18:00.000","2","2","0",,"false","409188","6","SIDESWIPE - OPPOSITE DIRECTION",,,"1","DAYLIGHT","12;64","MOTOR VEHICLE IN TRANSPORT;Ran Off Road-Left","S HAMILTON RD & JOHN MALLETTE DR","NASHVILLE","TN","37218","3157","NORTH","36.1925","-86.8323","POINT (-86.8323 36.1925)"
"20200642805","2020-10-10T16:00:00.000","1","2","0",,"false","298860","0","NOT COLLISION W/MOTOR VEHICLE-TRANSPORT",,,"1","DAYLIGHT","24","GUARDRAIL FACE","EXIT 221A & I 40","HERMITAGE","TN","37076","95101","HERMIT","36.1688","-86.6067","POINT (-86.6067 36.1688)"
"20200642804","2020-10-10T16:05:00.000","2","1","0",,"true","279194","6","SIDESWIPE - OPPOSITE DIRECTION",,,"1","DAYLIGHT","12","MOTOR VEHICLE IN TRANSPORT","CLARKSVILLE PKE & STENBERG RD","WHITES CREEK","TN","37189","3229","NORTH","36.2661","-86.8582","POINT (-86.8582 36.2661)"
"20200642788","2020-10-10T15:29:00.000","2","3","0",,"false","409214","11","Front to Rear","2","RAIN","1","DAYLIGHT","12","MOTOR VEHICLE IN TRANSPORT","HARDING PL & I24 E ENT RAMP","NASHVILLE","TN","37211","8707","SOUTH","36.0855","-86.7014","POINT (-86.7014 36.0855)"
"20200642765","2020-10-10T15:41:00.000","2","2","0",,"false","298877","4","ANGLE",,,"1","DAYLIGHT","12","MOTOR VEHICLE IN TRANSPORT","I40 E EXT RAMP & I 40","NASHVILLE","TN","37214","8955","HERMIT","36.155","-86.6271","POINT (-86.6271 36.155)"
"20200642763","2020-10-10T15:28:00.000","2","2","0",,"true","320599","5","SIDESWIPE - SAME DIRECTION",,,"1","DAYLIGHT","12;22;24;64","MOTOR VEHICLE IN TRANSPORT;BRIDGE PARPET END;GUARDRAIL FACE;Ran Off Road-Left","MM 212 6 I 40","NASHVILLE","TN","37210","90040","HERMIT","36.1439","-86.7382","POINT (-86.7382 36.1439)"
"20200642756","2020-10-10T15:33:00.000","1","0","0",,"false","384425","0","NOT COLLISION W/MOTOR VEHICLE-TRANSPORT",,,"1","DAYLIGHT","36","CONCRETE TRAFFIC BARRIER","MM 86 1 I 65","NASHVILLE","TN","37228","44060","NORTH","36.1918","-86.7835","POINT (-86.7835 36.1918)"
"20200642752","2020-10-10T15:30:00.000","2","0","0",,"false","279213","4","ANGLE","2","RAIN","1","DAYLIGHT","12","MOTOR VEHICLE IN TRANSPORT","WEDGEWOOD AVE & HILLSIDE AVE","NASHVILLE","TN","37203","6907","MIDTOW","36.1348","-86.7842","POINT (-86.7842 36.1348)"
"20200642742","2020-10-10T15:18:00.000","2","1","0",,"false","140787","11","Front to Rear",,,"1","DAYLIGHT","12","MOTOR VEHICLE IN TRANSPORT","BELL RD & CANE RIDGE RD","ANTIOCH","TN","37013","8751","SOUTH","36.0447","-86.6615","POINT (-86.6615 36.0447)"
"20200642717","2020-10-10T14:36:00.000","2","2","0",,"false","409214","11","Front to Rear","2","RAIN","1","DAYLIGHT","12","MOTOR VEHICLE IN TRANSPORT","BELL RD & BRITTANY PARK DR","ANTIOCH","TN","37013","8719","SOUTH","36.0469","-86.6794","POINT (-86.6794 36.0469)"
"20200642712","2020-10-10T15:30:00.000","2","0","0",,"false","409206","11","Front to Rear",,,"1","DAYLIGHT","12","MOTOR VEHICLE IN TRANSPORT","DICKERSON PKE & DARBYTOWN DR","MADISON","TN","37115","2039","MADISO","36.266","-86.7569","POINT (-86.7569 36.266)"
"20200642705","2020-10-10T14:04:00.000","2","0","0",,"true","179583","5","SIDESWIPE - SAME DIRECTION",,,"1","DAYLIGHT","12","MOTOR VEHICLE IN TRANSPORT","BRILEY PKWYW & BRUSH HILL RD","MADISON","TN","37115","1598","MADISO","36.2349","-86.7155","POINT (-86.7155 36.2349)"
"20200642696","2020-10-10T14:46:00.000","2","0","0",,"false","299249","4","ANGLE",,,"1","DAYLIGHT","12","MOTOR VEHICLE IN TRANSPORT","STRATTON AV & N 14TH ST","NASHVILLE","TN","37206","1215","EAST","36.1823","-86.745","POINT (-86.745 36.1823)"
"20200642690","2020-10-10T14:48:00.000","2","1","0",,"false","384397","11","Front to Rear","2","RAIN","1","DAYLIGHT","12","MOTOR VEHICLE IN TRANSPORT","STATE HWY 155 & CONNECTING ROAD","MADISON","TN","37115","15940","MADISO","36.2379","-86.7365","POINT (-86.7365 36.2379)"
"20200642689","2020-10-10T14:10:00.000","2","0","0",,"true","311332","4","ANGLE",,,"1","DAYLIGHT","12","MOTOR VEHICLE IN TRANSPORT","CROCKETT ST & MONTGOMERY AV","NASHVILLE","TN","37207","1875","EAST","36.1958","-86.756","POINT (-86.756 36.1958)"
"20200642681","2020-10-10T14:19:00.000","2","0","0",,"false","279233","11","Front to Rear",,,"1","DAYLIGHT","12","MOTOR VEHICLE IN TRANSPORT","BRADFORD AV & 8TH AVS","NASHVILLE","TN","37204","6945","MIDTOW","36.1286","-86.7778","POINT (-86.7778 36.1286)"
"20200642680","2020-10-10T14:30:00.000","2","0","0",,"true","330414","5","SIDESWIPE - SAME DIRECTION",,,"1","DAYLIGHT","12","MOTOR VEHICLE IN TRANSPORT","MM 212 0 I 40","NASHVILLE","TN","37210","90041","HERMIT","36.147","-86.7433","POINT (-86.7433 36.147)"
"20200642670","2020-10-10T14:10:00.000","1","1","0",,"false","551975","0","NOT COLLISION W/MOTOR VEHICLE-TRANSPORT","2","RAIN","1","DAYLIGHT","71","EMBANKMENT EARTH","ASHLAND CITY HWY & WWCR AV","NASHVILLE","TN","37218","3235","NORTH","36.2103","-86.8813","POINT (-86.8813 36.2103)"
"20200642669","2020-10-10T14:12:00.000","1","0","0",,"false","473670","0","NOT COLLISION W/MOTOR VEHICLE-TRANSPORT","2","RAIN","1","DAYLIGHT","36","CONCRETE TRAFFIC BARRIER","MM 49 1 I 24","NASHVILLE","TN","37206","10040","EAST","36.1647","-86.7634","POINT (-86.7634 36.1647)"
"20200642655","2020-10-10T13:55:00.000","1","0","0",,"false","591933","0","NOT COLLISION W/MOTOR VEHICLE-TRANSPORT",,,"1","DAYLIGHT","41;63","SHRUBBERY;Ran Off Road-Right","ELLINGTON PKWYS & SLAYDON DR","NASHVILLE","TN","37207","1892","EAST","36.2117","-86.7489","POINT (-86.7489 36.2117)"
"20200642651","2020-10-10T13:50:00.000","2","1","0",,"false","633390","11","Front to Rear",,,"1","DAYLIGHT","12","MOTOR VEHICLE IN TRANSPORT","HARDING PL & DONELSON PKE","NASHVILLE","TN","37217","8841","SOUTH","36.0928","-86.6789","POINT (-86.6789 36.0928)"
"20200642649","2020-10-10T13:46:00.000","2","0","0",,"false","206958","4","ANGLE","22","CLOUDY","1","DAYLIGHT","12","MOTOR VEHICLE IN TRANSPORT","ROSA L PARKS BLVD & JEFFERSON ST","NASHVILLE","TN","37208","4237","CENTRA","36.1733","-86.7914","POINT (-86.7914 36.1733)"
"20200642642","2020-10-10T13:47:00.000","2","1","0",,"false","620072","11","Front to Rear",,,"1","DAYLIGHT","12","MOTOR VEHICLE IN TRANSPORT","HARDING PKE & WHITE BRIDGE PKE","NASHVILLE","TN","37205","6101","WEST","36.125","-86.8476","POINT (-86.8476 36.125)"
"20200642634","2020-10-10T13:08:00.000","2","0","0",,"false","161949","4","ANGLE","2","RAIN","1","DAYLIGHT","12","MOTOR VEHICLE IN TRANSPORT","SMITH SPRINGS PKWY & HOBSON PKE","ANTIOCH","TN","37013","8977","SOUTH","36.0686","-86.5853","POINT (-86.5853 36.0686)"
"20200642632","2020-10-10T12:28:00.000","2","0","0",,"false","725774","11","Front to Rear",,,"1","DAYLIGHT","12","MOTOR VEHICLE IN TRANSPORT","SPAIN AV & GALLATIN PKE","NASHVILLE","TN","37216","1851","EAST","36.2002","-86.7407","POINT (-86.7407 36.2002)"
"20200642589","2020-10-10T12:29:00.000","1","0","0","true","false","206964","0","NOT COLLISION W/MOTOR VEHICLE-TRANSPORT","2","RAIN","1","DAYLIGHT","12;24;38;64","MOTOR VEHICLE IN TRANSPORT;GUARDRAIL FACE;FENCE;Ran Off Road-Left","KNIGHT DR & WHITES CREEK PKE","WHITES CREEK","TN","37189","3223","NORTH","36.2232","-86.8086","POINT (-86.8086 36.2232)"
"20200642588","2020-10-10T12:43:00.000","1","1","0",,"false","693102","0","NOT COLLISION W/MOTOR VEHICLE-TRANSPORT","22","CLOUDY","1","DAYLIGHT","24;36","GUARDRAIL FACE;CONCRETE TRAFFIC BARRIER","I40 E EXT RAMP & I 40","NASHVILLE","TN","37214","8955","HERMIT","36.155","-86.6271","POINT (-86.6271 36.155)"
"20200642579","2020-10-10T00:00:00.000","2","3","0",,"false","799013","4","ANGLE","22","CLOUDY","1","DAYLIGHT","12","MOTOR VEHICLE IN TRANSPORT","DODGE DR & I440 W ENT RAMP","NASHVILLE","TN","37210","8357","SOUTH","36.1206","-86.728","POINT (-86.728 36.1206)"
"20200642550","2020-10-10T12:00:00.000","1","0","0",,"false","551975","0","NOT COLLISION W/MOTOR VEHICLE-TRANSPORT","2","RAIN","1","DAYLIGHT","1;54","Set In Motion By Motor Vehicle","MM 88 5 I 65","NASHVILLE","TN","37207","30040","NORTH","36.2237","-86.7746","POINT (-86.7746 36.2237)"
"20200642538","2020-10-10T11:53:00.000","1","0","0",,"false","419952","0","NOT COLLISION W/MOTOR VEHICLE-TRANSPORT","2","RAIN","1","DAYLIGHT","36","CONCRETE TRAFFIC BARRIER","MM 200 6 I 40","NASHVILLE","TN","37209","4708","WEST","36.1261","-86.904","POINT (-86.904 36.1261)"
"20200642536","2020-10-10T11:35:00.000","2","0","0",,"false","212318","11","Front to Rear",,,"1","DAYLIGHT","12","MOTOR VEHICLE IN TRANSPORT","OAKLEY DR & REGENT DR","NASHVILLE","TN","37220","8617","MIDTOW","36.0615","-86.7697","POINT (-86.7697 36.0615)"
"20200642514","2020-10-10T11:22:00.000","1","0","0","true","false","551975","0","NOT COLLISION W/MOTOR VEHICLE-TRANSPORT","2","RAIN","1","DAYLIGHT","36","CONCRETE TRAFFIC BARRIER","BRILEY PKWYW & BRILEY PKWYE","NASHVILLE","TN","37218","3216","NORTH","36.2254","-86.8638","POINT (-86.8638 36.2254)"
"20200642512","2020-10-10T11:20:00.000","3","1","0",,"false","385032","4","ANGLE","22","CLOUDY","1","DAYLIGHT","12","MOTOR VEHICLE IN TRANSPORT","LEBANON PKE & HICKORY HILL LN","HERMITAGE","TN","37076","9531","HERMIT","36.1889","-86.6283","POINT (-86.6283 36.1889)"
"20200642505","2020-10-10T11:15:00.000","1","0","0",,"false","420034","0","NOT COLLISION W/MOTOR VEHICLE-TRANSPORT","2","RAIN","1","DAYLIGHT","36","CONCRETE TRAFFIC BARRIER","MM 86 2 I 65","NASHVILLE","TN","37207","1910","CENTRA","36.1919","-86.7812","POINT (-86.7812 36.1919)"
"20200642494","2020-10-10T10:58:00.000","3","1","0",,"false","191571","11","Front to Rear","22","CLOUDY","1","DAYLIGHT","12","MOTOR VEHICLE IN TRANSPORT","ROSA L PARKS BLVD & DOMINICAN DR","NASHVILLE","TN","37208","4403","NORTH","36.1879","-86.7985","POINT (-86.7985 36.1879)"
"20200642480","2020-10-10T10:58:00.000","2","0","0",,"false","507813","4","ANGLE",,,"1","DAYLIGHT","12","MOTOR VEHICLE IN TRANSPORT","MM 49 4 I 24","NASHVILLE","TN","37206","10040","EAST","36.1613","-86.7604","POINT (-86.7604 36.1613)"
"20200642475","2020-10-10T10:45:00.000","2","0","0",,"true","212318","3","REAR-TO-REAR",,,"1","DAYLIGHT","14","PARKED MOTOR VEHICLE","OLD HICKORY BLVD & STONE BROOK DR","BRENTWOOD","TN","37027","8623","MIDTOW","36.0409","-86.7794","POINT (-86.7794 36.0409)"
"20200642470","2020-10-08T23:23:00.000","1","0","0","true","true","161949","0","NOT COLLISION W/MOTOR VEHICLE-TRANSPORT",,,"3","DARK - LIGHTED","18","OTHER OBJECT (NOT FIXED)","OLD HICKORY BLVD & FIRESTONE PKWY","ANTIOCH","TN","37013","8867","SOUTH","36.017","-86.6199","POINT (-86.6199 36.017)"
"20200642462","2020-10-10T04:00:00.000","1","0","0",,"false","409162","0","NOT COLLISION W/MOTOR VEHICLE-TRANSPORT",,,"2","DARK - NOT LIGHTED","34;42;71","DITCH;TREE;EMBANKMENT EARTH","RIVER ROAD PKE & LAKEVIEW DR","NASHVILLE","TN","37209","4705","WEST","36.1662","-86.947","POINT (-86.947 36.1662)"
"20200642455","2020-10-10T00:00:00.000","1","1","0",,"false","799013","0","NOT COLLISION W/MOTOR VEHICLE-TRANSPORT",,,"1","DAYLIGHT","42","TREE","APACHE TRL & MILL CREEK BLUE HOLE GRNWY","ANTIOCH","TN","37013","8713","SOUTH","36.0588","-86.6793","POINT (-86.6793 36.0588)"
"20200642446","2020-10-10T09:44:00.000","1","0","0","true","false","693102","0","NOT COLLISION W/MOTOR VEHICLE-TRANSPORT","22","CLOUDY",,,"29","LUMINAIRE/LIGHT SUPPORT","MURFREESBORO PKE & MURFREESBORO PKE","ANTIOCH","TN","37013","8927","SOUTH","36.0478","-86.6121","POINT (-86.6121 36.0478)"
"20200642441","2020-10-10T10:15:00.000","2","1","0",,"false","507813","4","ANGLE",,,"1","DAYLIGHT","12;36","MOTOR VEHICLE IN TRANSPORT;CONCRETE TRAFFIC BARRIER","MM 49 4 I 24","NASHVILLE","TN","37206","10040","EAST","36.1613","-86.7604","POINT (-86.7604 36.1613)"
"20200642432","2020-10-10T10:11:00.000","1","0","0",,"false","630627","0","NOT COLLISION W/MOTOR VEHICLE-TRANSPORT","2","RAIN","1","DAYLIGHT","34","DITCH","STATE HWY 155 & -UNKNOWN RAMP/ROAD -","NASHVILLE","TN","37214","9296","HERMIT","36.186","-86.6911","POINT (-86.6911 36.186)"
"20200642424","2020-10-10T10:02:00.000","2","1","0",,"true","4000888","5","SIDESWIPE - SAME DIRECTION","2","RAIN","1","DAYLIGHT","12;36","MOTOR VEHICLE IN TRANSPORT;CONCRETE TRAFFIC BARRIER","MM 86 3 I 65","NASHVILLE","TN","37207","1910","CENTRA","36.1919","-86.7808","POINT (-86.7808 36.1919)"
"20200642420","2020-10-10T08:30:00.000","2","0","0",,"true","812949","5","SIDESWIPE - SAME DIRECTION","2","RAIN","1","DAYLIGHT","12","MOTOR VEHICLE IN TRANSPORT","MAIN ST & JAMES ROBERTSON PKWY","NASHVILLE","TN","37213","1991","CENTRA","36.1696","-86.7744","POINT (-86.7744 36.1696)"
"20200642391","2020-10-10T09:36:00.000","2","1","0",,"true","352212","2","HEAD-ON",,,"1","DAYLIGHT","12","MOTOR VEHICLE IN TRANSPORT","APACHE TRL & HICKORY LAKE APTS PVTDR","NASHVILLE","TN","37211","8709","SOUTH","36.0671","-86.6892","POINT (-86.6892 36.0671)"
"20200642390","2020-10-10T09:00:00.000","2","0","0",,"false","161946","11","Front to Rear",,,"1","DAYLIGHT","12","MOTOR VEHICLE IN TRANSPORT","MURFREESBORO PKE & BELL RD","ANTIOCH","TN","37013","8861","SOUTH","36.072","-86.636","POINT (-86.636 36.072)"
"20200642373","2020-10-10T09:10:00.000","2","0","0",,"false","385032","11","Front to Rear","2","RAIN","1","DAYLIGHT","12","MOTOR VEHICLE IN TRANSPORT","SAUNDERSVILLE RD & SHUTE LN","OLD HICKORY","TN","37138","9721","HERMIT","36.2263","-86.6032","POINT (-86.6032 36.2263)"
"20200642354","2020-10-10T00:00:00.000","1","0","0","true","true","348631","0","NOT COLLISION W/MOTOR VEHICLE-TRANSPORT","99","UNKNOWN","9","UNKNOWN","40","MAIL BOX","ANDERSON LN & BROOKS AV","MADISON","TN","37115","1709","MADISO","36.2733","-86.7056","POINT (-86.7056 36.2733)"
"20200642340","2020-10-10T00:00:00.000","2","0","0",,"true","226319","9","UNKNOWN","2","RAIN","9","UNKNOWN","14","PARKED MOTOR VEHICLE","2460 MUSIC VALLEY DR","NASHVILLE","TN","37214","9213","HERMIT","36.2201","-86.6937","POINT (-86.6937 36.2201)"
"20200642322","2020-10-10T08:10:00.000","1","0","0","true","false","591933","0","NOT COLLISION W/MOTOR VEHICLE-TRANSPORT","2","RAIN","1","DAYLIGHT","30","UTILITY POLE","ELLINGTON PKWYN & ELLINGTON PKWY N ENT R","NASHVILLE","TN","37216","1821","EAST","36.2069","-86.7496","POINT (-86.7496 36.2069)"
"20200642282","2020-10-10T07:43:00.000","1","0","0",,"false","109530","0","NOT COLLISION W/MOTOR VEHICLE-TRANSPORT","22","CLOUDY","1","DAYLIGHT","36;63","CONCRETE TRAFFIC BARRIER;Ran Off Road-Right","I65 S EXT RAMP & I 65","MADISON","TN","37115","20044","MADISO","36.2481","-86.743","POINT (-86.743 36.2481)"
"20200642275","2020-10-10T06:00:00.000","1","0","0",,"false","384413","0","NOT COLLISION W/MOTOR VEHICLE-TRANSPORT","22","CLOUDY","4","DAWN","33","CURB","7100 RIVER RD","NASHVILLE","TN","37209","4701","WEST","36.1283","-86.9079","POINT (-86.9079 36.1283)"
"20200642187","2020-10-10T05:28:00.000","2","2","0",,"false","320575","11","Front to Rear",,,"3","DARK - LIGHTED","12","MOTOR VEHICLE IN TRANSPORT","OLD HICKORY BLVD & ANTHONY ST","OLD HICKORY","TN","37138","9711","HERMIT","36.2446","-86.6319","POINT (-86.6319 36.2446)"
"20200642166","2020-10-10T05:11:00.000","1","0","0","true","true","212334","0","NOT COLLISION W/MOTOR VEHICLE-TRANSPORT",,,"2","DARK - NOT LIGHTED","30","UTILITY POLE","CLARKSVILLE PKE & DRY FORK RD","NASHVILLE","TN","37218","3231","NORTH","36.276","-86.868","POINT (-86.868 36.276)"