"accident_number","date_and_time","number_of_motor_vehicles","number_of_injuries","number_of_fatalities","property_damage","hit_and_run","reporting_officer","collision_type","collision_type_description","weather","weather_description","illuaccidemination","illumination_description","harmfulcodes","harmfuldescriptions","street_address","city","state","zip","rpa","precinct","lat","long","mapped_location"
"20200642127","2020-10-10T04:31:00.000","1","0","0","true","false","384439","0","NOT COLLISION W/MOTOR VEHICLE-TRANSPORT","22","CLOUDY","3","DARK - LIGHTED","18","OTHER OBJECT (NOT FIXED)","DOVER GLEN DR & LAKEVILLA DR","ANTIOCH","TN","37013","8861","SOUTH","36.077","-86.6416","POINT (-86.6416 36.077)"
"20200642076","2020-10-10T00:00:00.000","2","0","0",,"true","299248","9","UNKNOWN","2","RAIN","3","DARK - LIGHTED","99","UNKNOWN MOST HARMFUL EVENT","RECOVERY RD & HARDING PL","NASHVILLE","TN","37211","8705","SOUTH","36.0802","-86.718","POINT (-86.718 36.0802)"
"20200642057","2020-10-10T02:55:00.000","1","0","0","true","false","320583","0","NOT COLLISION W/MOTOR VEHICLE-TRANSPORT","2","RAIN","3","DARK - LIGHTED","24;71","GUARDRAIL FACE;EMBANKMENT EARTH","MM 86 5 I 65","NASHVILLE","TN","37207","3006","NORTH","36.1946","-86.7762","POINT (-86.7762 36.1946)"
"20200642053","2020-10-10T02:59:00.000","1","0","0",,"true","299245","9","UNKNOWN",,,"9","UNKNOWN","99","UNKNOWN MOST HARMFUL EVENT","MM 86 7 I 65","NASHVILLE","TN","37207","3002","NORTH","36.1972","-86.7762","POINT (-86.7762 36.1972)"
"20200642033","2020-10-10T02:44:00.000","2","1","0",,"false","372814","11","Front to Rear","2","RAIN","3","DARK - LIGHTED","12","MOTOR VEHICLE IN TRANSPORT","MM 210 6 I 40","NASHVILLE","TN","37210","8202","HERMIT","36.1526","-86.7659","POINT (-86.7659 36.1526)"
"20200642002","2020-10-10T02:17:00.000","2","0","0",,"false","409199","4","ANGLE","2","RAIN","3","DARK - LIGHTED","12","MOTOR VEHICLE IN TRANSPORT","I40 E ENT RAMP & I 40","NASHVILLE","TN","37205","4903","WEST","36.1109","-86.922","POINT (-86.922 36.1109)"
"20200641981","2020-10-10T01:56:00.000","1","0","0","true","false","352178","0","NOT COLLISION W/MOTOR VEHICLE-TRANSPORT",,,"3","DARK - LIGHTED","47","FIRE HYDRANT","DOUGLAS AV & GALLATIN AV","NASHVILLE","TN","37206","1325","EAST","36.1927","-86.7444","POINT (-86.7444 36.1927)"
"20200641952","2020-10-09T23:10:00.000","2","0","0",,"true","212334","4","ANGLE",,,"3","DARK - LIGHTED","12","MOTOR VEHICLE IN TRANSPORT","KNIGHT DR & EWING DR","NASHVILLE","TN","37207","3023","NORTH","36.2316","-86.804","POINT (-86.804 36.2316)"
"20200641919","2020-10-10T00:50:00.000","2","1","0",,"false","352193","11","Front to Rear",,,"3","DARK - LIGHTED","12","MOTOR VEHICLE IN TRANSPORT","MM 211 7 I 40","NASHVILLE","TN","37210","82042","HERMIT","36.1499","-86.7483","POINT (-86.7483 36.1499)"
"20200641870","2020-10-10T00:10:00.000","2","0","0",,"false","279217","11","Front to Rear","2","RAIN","3","DARK - LIGHTED","12","MOTOR VEHICLE IN TRANSPORT","MM 86 3 I 65","NASHVILLE","TN","37207","1910","CENTRA","36.1919","-86.7808","POINT (-86.7808 36.1919)"
"20200641807","2020-10-09T00:00:00.000","1","0","0",,"false","299247","0","NOT COLLISION W/MOTOR VEHICLE-TRANSPORT",,,"3","DARK - LIGHTED","24;63","GUARDRAIL FACE;Ran Off Road-Right","MM 211 0 I 40","NASHVILLE","TN","37210","82020","HERMIT","36.1544","-86.7598","POINT (-86.7598 36.1544)"
"20200641758","2020-10-09T20:51:00.000","2","0","0",,"false","4001284","6","SIDESWIPE - OPPOSITE DIRECTION","2","RAIN","3","DARK - LIGHTED","13","MOTOR VEHICLE IN TRANSPORT-OTHER ROADWAY","ANDERSON LN & MYATT DR","MADISON","TN","37115","1713","MADISO","36.2721","-86.689","POINT (-86.689 36.2721)"
"20200641744","2020-10-09T22:31:00.000","2","2","0",,"true","330420","2","HEAD-ON","21","CLEAR","3","DARK - LIGHTED","12","MOTOR VEHICLE IN TRANSPORT","MURFREESBORO PKE & BELL RD","ANTIOCH","TN","37013","8979","SOUTH","36.072","-86.636","POINT (-86.636 36.072)"
"20200641702","2020-10-09T21:50:00.000","2","0","0",,"false","279217","2","HEAD-ON","2","RAIN","3","DARK - LIGHTED","12","MOTOR VEHICLE IN TRANSPORT","AMBONNAY DR & DOLCETTO GROVE","ANTIOCH","TN","37013","8767","SOUTH","36.0002","-86.6893","POINT (-86.6893 36.0002)"
"20200641655","2020-10-09T20:50:00.000","2","1","0",,"false","306230","4","ANGLE",,,"3","DARK - LIGHTED","12","MOTOR VEHICLE IN TRANSPORT","MM 86 0 I 65","NASHVILLE","TN","37208","4304","CENTRA","36.1916","-86.7859","POINT (-86.7859 36.1916)"
"20200641640","2020-10-09T21:05:00.000","1","1","0",,"false","279211","0","NOT COLLISION W/MOTOR VEHICLE-TRANSPORT",,,"2","DARK - NOT LIGHTED","42","TREE","HUNTERS LN & GRANDVILLE BLVD","NASHVILLE","TN","37207","2103","MADISO","36.2875","-86.7703","POINT (-86.7703 36.2875)"
"20200641634","2020-10-09T18:15:00.000","2","0","0",,"false","524985","11","Front to Rear",,,"5","DUSK","12","MOTOR VEHICLE IN TRANSPORT","BRILEY PKWY W EXT RAMP & BRICK CHURCH PK","NASHVILLE","TN","37207","2033","MADISO","36.2397","-86.7808","POINT (-86.7808 36.2397)"
"20200641618","2020-10-09T19:51:00.000","2","1","0",,"false","330428","11","Front to Rear","21","CLEAR","3","DARK - LIGHTED","12","MOTOR VEHICLE IN TRANSPORT","MM 54 6 I 24","NASHVILLE","TN","37211","84021","SOUTH","36.0994","-86.7109","POINT (-86.7109 36.0994)"
"20200641585","2020-10-09T20:30:00.000","2","0","0",,"true","352168","5","SIDESWIPE - SAME DIRECTION","21","CLEAR","2","DARK - NOT LIGHTED","12","MOTOR VEHICLE IN TRANSPORT","BELL RD & CANE RIDGE RD","ANTIOCH","TN","37013","8753","SOUTH","36.0449","-86.6631","POINT (-86.6631 36.0449)"
"20200641541","2020-10-09T18:46:00.000","2","0","0",,"false","409161","11","Front to Rear","21","CLEAR","3","DARK - LIGHTED","12","MOTOR VEHICLE IN TRANSPORT","MOUNT VIEW RD & BELL FORGE LN E","ANTIOCH","TN","37013","8865","SOUTH","36.0471","-86.648","POINT (-86.648 36.0471)"
"20200641536","2020-10-09T19:29:00.000","2","0","0",,"false","384425","11","Front to Rear",,,"3","DARK - LIGHTED","12","MOTOR VEHICLE IN TRANSPORT","CLARKSVILLE PKE & NORTH GATE SHOPPING CT","NASHVILLE","TN","37218","3163","NORTH","36.2004","-86.8392","POINT (-86.8392 36.2004)"
"20200641493","2020-10-09T19:20:00.000","2","1","0",,"false","384407","11","Front to Rear","21","CLEAR","3","DARK - LIGHTED","12","MOTOR VEHICLE IN TRANSPORT","CHARLOTTE PKE & I40 E EXT RAMP","NASHVILLE","TN","37205","5007","WEST","36.1314","-86.8967","POINT (-86.8967 36.1314)"
"20200641459","2020-10-09T19:14:00.000","1","1","0",,"false","161939","0","NOT COLLISION W/MOTOR VEHICLE-TRANSPORT",,,"3","DARK - LIGHTED","18","OTHER OBJECT (NOT FIXED)","I24 W ENT RAMP & I 65","NASHVILLE","TN","37207","18041","EAST","36.2216","-86.7738","POINT (-86.7738 36.2216)"
"20200641371","2020-10-09T18:22:00.000","3","1","0","true","false","390077","5","SIDESWIPE - SAME DIRECTION",,,"3","DARK - LIGHTED","12;14;19","MOTOR VEHICLE IN TRANSPORT;PARKED MOTOR VEHICLE;BUILDING","GALLATIN PKE & E TRINITY LN","NASHVILLE","TN","37216","1837","EAST","36.205","-86.7376","POINT (-86.7376 36.205)"
"20200641327","2020-10-09T17:38:00.000","3","2","0",,"false","384433","11","Front to Rear",,,"3","DARK - LIGHTED","12;14","MOTOR VEHICLE IN TRANSPORT;PARKED MOTOR VEHICLE","MM 87 2 I 65","NASHVILLE","TN","37207","18020","EAST","36.2054","-86.7764","POINT (-86.7764 36.2054)"
"20200641298","2020-10-09T15:00:00.000","2","0","0",,"true","384402","11","Front to Rear",,,"1","DAYLIGHT","12","MOTOR VEHICLE IN TRANSPORT","5TH AVS & BROADWAY","NASHVILLE","TN","37203","4089","CENTRA","36.1605","-86.7784","POINT (-86.7784 36.1605)"
"20200641260","2020-10-09T16:36:00.000","2","0","0",,"false","279112","5","SIDESWIPE - SAME DIRECTION","2","RAIN","1","DAYLIGHT","12","MOTOR VEHICLE IN TRANSPORT","MM 0 5 I 440","NASHVILLE","TN","37209","5232","WEST","36.1514","-86.8228","POINT (-86.8228 36.1514)"
"20200641250","2020-10-09T15:50:00.000","2","0","0",,"false","256414","11","Front to Rear","21","CLEAR","1","DAYLIGHT","12","MOTOR VEHICLE IN TRANSPORT","CHARLOTTE PKE & WESTBORO DR","NASHVILLE","TN","37209","5029","WEST","36.1453","-86.8717","POINT (-86.8717 36.1453)"
"20200641238","2020-10-09T16:49:00.000","3","1","0",,"false","256383","11","Front to Rear","21","CLEAR","1","DAYLIGHT","12","MOTOR VEHICLE IN TRANSPORT","MM 53 5 I 24","NASHVILLE","TN","37210","88141","SOUTH","36.1122","-86.7232","POINT (-86.7232 36.1122)"
"20200641225","2020-10-09T13:44:00.000","3","0","0",,"false","384421","4","ANGLE","21","CLEAR","1","DAYLIGHT","12","MOTOR VEHICLE IN TRANSPORT","MURFREESBORO PKE & MT VIEW RD","ANTIOCH","TN","37013","8865","SOUTH","36.0543","-86.6186","POINT (-86.6186 36.0543)"
"20200641209","2020-10-09T16:27:00.000","3","1","0",,"false","311799","11","Front to Rear",,,"5","DUSK","12","MOTOR VEHICLE IN TRANSPORT","MM 87 2 I 65","NASHVILLE","TN","37207","18020","EAST","36.2054","-86.7764","POINT (-86.7764 36.2054)"
"20200641207","2020-10-09T16:25:00.000","3","1","0",,"false","409191","11","Front to Rear",,,"1","DAYLIGHT","12","MOTOR VEHICLE IN TRANSPORT","MM 92 5 I 65","MADISON","TN","37115","1704","MADISO","36.2678","-86.7369","POINT (-86.7369 36.2678)"
"20200641199","2020-10-09T16:24:00.000","1","1","0",,"false","409154","0","NOT COLLISION W/MOTOR VEHICLE-TRANSPORT","2","RAIN","1","DAYLIGHT","8","PEDESTRIAN","DOUGLAS AV & N 7TH ST","NASHVILLE","TN","37207","1905","EAST","36.1938","-86.7592","POINT (-86.7592 36.1938)"
"20200641139","2020-10-09T15:21:00.000","1","0","0","true","true","384425","0","NOT COLLISION W/MOTOR VEHICLE-TRANSPORT",,,"1","DAYLIGHT","47","FIRE HYDRANT","SEMINARY ST & LOCK RD","NASHVILLE","TN","37207","3001","NORTH","36.1999","-86.7875","POINT (-86.7875 36.1999)"
"20200641131","2020-10-09T15:40:00.000","2","0","0",,"false","384414","4","ANGLE",,,"1","DAYLIGHT","12","MOTOR VEHICLE IN TRANSPORT","MYATT DR & GALLATIN PKEN","MADISON","TN","37115","1731","MADISO","36.2967","-86.699","POINT (-86.699 36.2967)"
"20200641112","2020-10-09T09:30:00.000","2","0","0",,"false","352168","5","SIDESWIPE - SAME DIRECTION","21","CLEAR","1","DAYLIGHT","12","MOTOR VEHICLE IN TRANSPORT","UNA ANTIOCH PKE & NASHBORO BLVD","ANTIOCH","TN","37013","8891","SOUTH","36.0869","-86.6487","POINT (-86.6487 36.0869)"
"20200641064","2020-10-09T15:05:00.000","2","1","0",,"false","320599","11","Front to Rear",,,"1","DAYLIGHT","12","MOTOR VEHICLE IN TRANSPORT","MM 214 4 I 40","NASHVILLE","TN","37210","90061","HERMIT","36.1431","-86.7063","POINT (-86.7063 36.1431)"
"20200641047","2020-10-09T13:44:00.000","2","0","0",,"false","311799","11","Front to Rear",,,"1","DAYLIGHT","12","MOTOR VEHICLE IN TRANSPORT","US HWY 431 & HAMPTON ST","NASHVILLE","TN","37207","3007","NORTH","36.2067","-86.7804","POINT (-86.7804 36.2067)"
"20200641035","2020-10-09T14:54:00.000","2","0","0",,"false","409206","11","Front to Rear",,,"1","DAYLIGHT","12","MOTOR VEHICLE IN TRANSPORT","MM 37 7 I 24","WHITES CREEK","TN","37189","2212","NORTH","36.3106","-86.8263","POINT (-86.8263 36.3106)"
"20200641028","2020-10-09T14:04:00.000","2","1","0",,"false","197054","11","Front to Rear","21","CLEAR","1","DAYLIGHT","12","MOTOR VEHICLE IN TRANSPORT","I40 E ENT RAMP & I 24","NASHVILLE","TN","37217","8816","SOUTH","36.1363","-86.7267","POINT (-86.7267 36.1363)"
"20200641026","2020-10-09T14:52:00.000","1","0","0","true","false","279194","0","NOT COLLISION W/MOTOR VEHICLE-TRANSPORT",,,"1","DAYLIGHT","30","UTILITY POLE","BUENA VISTA PKE & MATTIE ST","NASHVILLE","TN","37218","3101","NORTH","36.2","-86.8253","POINT (-86.8253 36.2)"
"20200641016","2020-10-09T13:44:00.000","2","0","0",,"false","311332","11","Front to Rear",,,"1","DAYLIGHT","12","MOTOR VEHICLE IN TRANSPORT","ELLINGTON PKWYS & ELLINGTON PKWY S ENT R","NASHVILLE","TN","37207","1996","EAST","36.1828","-86.7615","POINT (-86.7615 36.1828)"
"20200640986","2020-10-09T14:16:00.000","2","0","0",,"false","630627","11","Front to Rear","22","CLOUDY","1","DAYLIGHT","12","MOTOR VEHICLE IN TRANSPORT","US HWY 31W & OLD DUE WEST AVE","NASHVILLE","TN","37207","2011","MADISO","36.2472","-86.7567","POINT (-86.7567 36.2472)"
"20200640935","2020-10-09T13:10:00.000","3","1","0",,"false","262757","4","ANGLE",,,"1","DAYLIGHT","12","MOTOR VEHICLE IN TRANSPORT","CHARLOTTE AV & 45TH AVN","NASHVILLE","TN","37209","5203","WEST","36.1522","-86.8411","POINT (-86.8411 36.1522)"
"20200640922","2020-10-09T13:17:00.000","2","1","0","true","false","594473","0","NOT COLLISION W/MOTOR VEHICLE-TRANSPORT",,,"1","DAYLIGHT","57","Cable Barrier","MM 195 2 I 40","NASHVILLE","TN","37221","4804","WEST","36.0739","-86.9736","POINT (-86.9736 36.0739)"
"20200640907","2020-10-09T12:15:00.000","2","0","0",,"false","161946","11","Front to Rear","22","CLOUDY","1","DAYLIGHT","12","MOTOR VEHICLE IN TRANSPORT","ARTELIA DR & RICHARDS RD","ANTIOCH","TN","37013","8899","SOUTH","36.0685","-86.6743","POINT (-86.6743 36.0685)"
"20200640902","2020-10-09T13:02:00.000","3","4","0",,"false","140790","11","Front to Rear","21","CLEAR","1","DAYLIGHT","12;13","MOTOR VEHICLE IN TRANSPORT;MOTOR VEHICLE IN TRANSPORT-OTHER ROADWAY","DONELSON PKE & ELM HILL PKE","NASHVILLE","TN","37214","9105","HERMIT","36.1676","-86.7787","POINT (-86.7787 36.1676)"
"20200640897","2020-10-09T12:55:00.000","3","1","0",,"false","226098","11","Front to Rear",,,"1","DAYLIGHT","12;13;34","MOTOR VEHICLE IN TRANSPORT;MOTOR VEHICLE IN TRANSPORT-OTHER ROADWAY;DITCH","MM 86 6 I 65","NASHVILLE","TN","37207","3002","NORTH","36.1959","-86.7761","POINT (-86.7761 36.1959)"
"20200640876","2020-10-09T13:08:00.000","2","0","0",,"false","725774","4","ANGLE",,,"1","DAYLIGHT","13","MOTOR VEHICLE IN TRANSPORT-OTHER ROADWAY","GREENWOOD AV & GALLATIN AV","NASHVILLE","TN","37206","1321","EAST","36.1908","-86.7453","POINT (-86.7453 36.1908)"
"20200640802","2020-10-09T11:59:00.000","2","0","0",,"false","140790","4","ANGLE",,,"1","DAYLIGHT","12","MOTOR VEHICLE IN TRANSPORT","LEBANON PKE & GRAYLYNN DR","NASHVILLE","TN","37214","9113","HERMIT","36.1699","-86.6744","POINT (-86.6744 36.1699)"
"20200640797","2020-10-09T11:58:00.000","2","0","0",,"false","594473","4","ANGLE",,,"1","DAYLIGHT","12","MOTOR VEHICLE IN TRANSPORT","ANNEX AV & CHARLOTTE PKE","NASHVILLE","TN","37209","5009","WEST","36.14","-86.8818","POINT (-86.8818 36.14)"
"20200640746","2020-10-09T11:25:00.000","2","0","0",,"false","420035","11","Front to Rear",,,"1","DAYLIGHT","12","MOTOR VEHICLE IN TRANSPORT","NEELYS BEND RD & GALLATIN PKES","MADISON","TN","37115","1783","MADISO","36.2562","-86.7144","POINT (-86.7144 36.2562)"
"20200640733","2020-10-09T10:20:00.000","2","0","0",,"false","628640","5","SIDESWIPE - SAME DIRECTION",,,"1","DAYLIGHT","12","MOTOR VEHICLE IN TRANSPORT","BRILEY PKWYS & BRILEY PKWYN","NASHVILLE","TN","37218","3212","NORTH","36.2142","-86.8724","POINT (-86.8724 36.2142)"
"20200640696","2020-10-09T10:49:00.000","1","0","0","true","false","409219","0","NOT COLLISION W/MOTOR VEHICLE-TRANSPORT","21","CLEAR","1","DAYLIGHT","34","DITCH","RIVER ROAD PKE & RIVER ROAD PKE PVTDR","NASHVILLE","TN","37209","4705","WEST","36.2021","-86.9796","POINT (-86.9796 36.2021)"
"20200640656","2020-10-09T10:00:00.000","2","0","0",,"false","420040","5","SIDESWIPE - SAME DIRECTION",,,"1","DAYLIGHT","12","MOTOR VEHICLE IN TRANSPORT","21ST AVS & BLAIR BLVD","NASHVILLE","TN","37212","6607","MIDTOW","36.1304","-86.802","POINT (-86.802 36.1304)"
"20200640542","2020-10-09T09:02:00.000","2","0","0",,"false","594473","4","ANGLE","22","CLOUDY","1","DAYLIGHT","12","MOTOR VEHICLE IN TRANSPORT","CHARLOTTE PKE & WESTBORO DR","NASHVILLE","TN","37209","5027","WEST","36.1459","-86.871","POINT (-86.871 36.1459)"
"20200640457","2020-10-09T06:33:00.000","2","0","0",,"false","4000719","4","ANGLE",,,"1","DAYLIGHT","13","MOTOR VEHICLE IN TRANSPORT-OTHER ROADWAY","ROUND ROCK DR & AMBERTON CT","ANTIOCH","TN","37013","8903","SOUTH","36.0362","-86.5881","POINT (-86.5881 36.0362)"
"20200640362","2020-10-09T07:01:00.000","2","1","0",,"false","206964","11","Front to Rear","22","CLOUDY","4","DAWN","12","MOTOR VEHICLE IN TRANSPORT","MM 87 7 I 65","NASHVILLE","TN","37207","1804","EAST","36.2114","-86.7757","POINT (-86.7757 36.2114)"
"20200640204","2020-10-08T22:45:00.000","2","0","0",,"true","4001452","5","SIDESWIPE - SAME DIRECTION",,,"3","DARK - LIGHTED","12","MOTOR VEHICLE IN TRANSPORT","FIRESTONE PKWY & OLD HICKORY BLVD","ANTIOCH","TN","37013","8869","SOUTH","36.0168","-86.6199","POINT (-86.6199 36.0168)"
"20200639959","2020-10-09T00:10:00.000","1","0","0",,"false","212330","0","NOT COLLISION W/MOTOR VEHICLE-TRANSPORT",,,"3","DARK - LIGHTED","50","DEER (ANIMAL)","HIGHLAND VIEW DR & MCKENDREE CIR","HERMITAGE","TN","37076","9535","HERMIT","36.2074","-86.6103","POINT (-86.6103 36.2074)"
"20200639897","2020-10-09T00:25:00.000","2","0","0",,"false","101064","4","ANGLE","21","CLEAR","3","DARK - LIGHTED","12","MOTOR VEHICLE IN TRANSPORT","HARRISON ST & 5TH AVN","NASHVILLE","TN","37219","4203","CENTRA","36.1704","-86.7842","POINT (-86.7842 36.1704)"
"20200639891","2020-10-08T20:15:00.000","2","0","0",,"false","279217","4","ANGLE","21","CLEAR","3","DARK - LIGHTED","12","MOTOR VEHICLE IN TRANSPORT","MM 86 9 I 65","NASHVILLE","TN","37207","3002","NORTH","36.2009","-86.7768","POINT (-86.7768 36.2009)"
"20200639832","2020-10-08T21:25:00.000","2","0","0",,"true","372814","5","SIDESWIPE - SAME DIRECTION","21","CLEAR","3","DARK - LIGHTED","12","MOTOR VEHICLE IN TRANSPORT","MM 213 6 I 40","NASHVILLE","TN","37217","8802","HERMIT","36.1406","-86.7202","POINT (-86.7202 36.1406)"
"20200639765","2020-10-08T21:40:00.000","2","0","0",,"false","256427","4","ANGLE",,,"3","DARK - LIGHTED","12","MOTOR VEHICLE IN TRANSPORT","NOLENSVILLE PKE & OLD HICKORY BLVD","NASHVILLE","TN","37211","8717","SOUTH","36.0454","-86.7133","POINT (-86.7133 36.0454)"
"20200639750","2020-10-08T00:00:00.000","2","2","0",,"false","352195","2","HEAD-ON",,,"7","Dark-Unknown Lighting","12","MOTOR VEHICLE IN TRANSPORT","DICKERSON PKE & I65 N ENT RAMP","NASHVILLE","TN","37216","1805","EAST","36.2361","-86.7582","POINT (-86.7582 36.2361)"
"20200639686","2020-10-08T19:50:00.000","2","0","0",,"true","299243","5","SIDESWIPE - SAME DIRECTION",,,"3","DARK - LIGHTED","14","PARKED MOTOR VEHICLE","EAST MAPLES SUITES PVTDR & RANDY RD","MADISON","TN","37115","1629","MADISO","36.2626","-86.6904","POINT (-86.6904 36.2626)"
"20200639684","2020-10-08T20:40:00.000","2","2","0",,"false","298867","11","Front to Rear",,,"3","DARK - LIGHTED","12;24;39","MOTOR VEHICLE IN TRANSPORT;GUARDRAIL FACE;WALL","MM 88 3 I 65","NASHVILLE","TN","37207","18041","EAST","36.2201","-86.7743","POINT (-86.7743 36.2201)"
"20200639677","2020-10-08T00:00:00.000","2","1","0",,"false","279233","4","ANGLE",,,"3","DARK - LIGHTED","12","MOTOR VEHICLE IN TRANSPORT","GRANNY WHITE PKE & GRANDVIEW DR","NASHVILLE","TN","37204","7007","MIDTOW","36.1079","-86.7939","POINT (-86.7939 36.1079)"
"20200639612","2020-10-08T00:00:00.000","2","0","0",,"true","352209","2","HEAD-ON",,,"1","DAYLIGHT","14","PARKED MOTOR VEHICLE","800 S 6TH ST","NASHVILLE","TN","37206","1015","EAST","36.1648","-86.7585","POINT (-86.7585 36.1648)"
"20200639560","2020-10-08T18:58:00.000","2","1","0",,"false","4001146","4","ANGLE","22","CLOUDY","3","DARK - LIGHTED","12","MOTOR VEHICLE IN TRANSPORT","LEBANON PKE & SHUTE LN","HERMITAGE","TN","37076","9535","HERMIT","36.2146","-86.6047","POINT (-86.6047 36.2146)"
"20200639522","2020-10-08T18:15:00.000","2","0","0",,"false","330413","11","Front to Rear","21","CLEAR","3","DARK - LIGHTED","12","MOTOR VEHICLE IN TRANSPORT","I40 E ENT RAMP & STEWARTS FERRY PKE","NASHVILLE","TN","37214","8959","HERMIT","36.1554","-86.6267","POINT (-86.6267 36.1554)"
"20200639484","2020-10-08T18:00:00.000","2","0","0",,"false","197054","11","Front to Rear","21","CLEAR","1","DAYLIGHT","12","MOTOR VEHICLE IN TRANSPORT","I40 E EXT RAMP & DONELSON PKE","NASHVILLE","TN","37214","8953","HERMIT","36.1404","-86.6664","POINT (-86.6664 36.1404)"
"20200639460","2020-10-08T17:41:00.000","2","0","0",,"false","409181","4","ANGLE","21","CLEAR","1","DAYLIGHT","12","MOTOR VEHICLE IN TRANSPORT","CONFERENCE DR & THE SHOPPES AT RIVERGATE","MADISON","TN","37115","1737","MADISO","36.3038","-86.6926","POINT (-86.6926 36.3038)"
"20200639447","2020-10-08T17:38:00.000","2","0","0",,"false","320603","11","Front to Rear",,,"1","DAYLIGHT","12","MOTOR VEHICLE IN TRANSPORT","CROSSINGS BLVD & MT VIEW RD","ANTIOCH","TN","37013","8863","SOUTH","36.0455","-86.6473","POINT (-86.6473 36.0455)"
"20200639412","2020-10-08T17:19:00.000","2","1","0",,"false","384433","4","ANGLE",,,"1","DAYLIGHT","12","MOTOR VEHICLE IN TRANSPORT","W TRINITY LN & MONTICELLO DR","NASHVILLE","TN","37207","3009","NORTH","36.207","-86.7826","POINT (-86.7826 36.207)"
"20200639372","2020-10-08T17:01:00.000","2","1","0",,"false","4000725","4","ANGLE","21","CLEAR","1","DAYLIGHT","12","MOTOR VEHICLE IN TRANSPORT","SHELBY AV & S 4TH ST","NASHVILLE","TN","37206","1009","EAST","36.167","-86.7637","POINT (-86.7637 36.167)"
"20200639348","2020-10-08T16:44:00.000","2","1","0",,"false","298867","6","SIDESWIPE - OPPOSITE DIRECTION",,,"1","DAYLIGHT","12","MOTOR VEHICLE IN TRANSPORT","DICKERSON PKE & CLEVELAND ST","NASHVILLE","TN","37207","1919","EAST","36.1875","-86.7734","POINT (-86.7734 36.1875)"
"20200639336","2020-10-08T16:00:00.000","2","1","0",,"false","279211","4","ANGLE",,,"1","DAYLIGHT","12","MOTOR VEHICLE IN TRANSPORT","OLD HICKORY BLVDW & BEVERLY DR","MADISON","TN","37115","1749","MADISO","36.2641","-86.7252","POINT (-86.7252 36.2641)"
"20200639322","2020-10-08T16:32:00.000","2","0","0",,"false","330428","11","Front to Rear",,,"1","DAYLIGHT","12","MOTOR VEHICLE IN TRANSPORT","MM 53 4 I 24","NASHVILLE","TN","37210","88141","SOUTH","36.1127","-86.7234","POINT (-86.7234 36.1127)"
"20200639306","2020-10-08T16:00:00.000","2","0","0",,"false","409214","4","ANGLE","22","CLOUDY","1","DAYLIGHT","12","MOTOR VEHICLE IN TRANSPORT","4TH AVS & CHESTNUT ST","NASHVILLE","TN","37210","8169","SOUTH","36.1449","-86.7667","POINT (-86.7667 36.1449)"
"20200639281","2020-10-08T16:02:00.000","1","0","0","true","false","384436","0","NOT COLLISION W/MOTOR VEHICLE-TRANSPORT",,,"1","DAYLIGHT","19","BUILDING","1100 MURFREESBORO PKE","NASHVILLE","TN","37217","8821","HERMIT","36.1267","-86.711","POINT (-86.711 36.1267)"
"20200639241","2020-10-08T15:30:00.000","2","0","0",,"false","337277","4","ANGLE",,,"1","DAYLIGHT","12","MOTOR VEHICLE IN TRANSPORT","JACKSONIAN DR & LEBANON PKE","HERMITAGE","TN","37076","9613","HERMIT","36.1927","-86.6237","POINT (-86.6237 36.1927)"
"20200639193","2020-10-08T14:57:00.000","2","0","0",,"false","320603","4","ANGLE",,,"1","DAYLIGHT","12","MOTOR VEHICLE IN TRANSPORT","MURFREESBORO PKE & FOREST VIEW DR","ANTIOCH","TN","37013","8865","SOUTH","36.0674","-86.6313","POINT (-86.6313 36.0674)"
"20200639171","2020-10-08T14:16:00.000","2","1","0",,"false","330428","4","ANGLE",,,"1","DAYLIGHT","12","MOTOR VEHICLE IN TRANSPORT","HARDING PL & LINBAR DR","NASHVILLE","TN","37211","8705","SOUTH","36.0841","-86.7059","POINT (-86.7059 36.0841)"