"accident_number","date_and_time","number_of_motor_vehicles","number_of_injuries","number_of_fatalities","property_damage","hit_and_run","reporting_officer","collision_type","collision_type_description","weather","weather_description","illuaccidemination","illumination_description","harmfulcodes","harmfuldescriptions","street_address","city","state","zip","rpa","precinct","lat","long","mapped_location"
"20200639152","2020-10-08T14:22:00.000","2","0","0",,"true","311344","11","Front to Rear",,,"1","DAYLIGHT","12","MOTOR VEHICLE IN TRANSPORT","MM 212 1 I 40","NASHVILLE","TN","37210","90041","HERMIT","36.1463","-86.7422","POINT (-86.7422 36.1463)"
"20200639127","2020-10-08T14:49:00.000","2","0","0",,"false","256383","11","Front to Rear","21","CLEAR","1","DAYLIGHT","12","MOTOR VEHICLE IN TRANSPORT","NOLENSVILLE PKE & THOMPSON LN","NASHVILLE","TN","37211","8425","SOUTH","36.1109","-86.7452","POINT (-86.7452 36.1109)"
"20200639123","2020-10-08T14:23:00.000","2","0","0",,"false","298867","3","REAR-TO-REAR",,,"1","DAYLIGHT","12","MOTOR VEHICLE IN TRANSPORT","TREUTLAND AV & MERIDIAN ST","NASHVILLE","TN","37207","1967","EAST","36.1801","-86.7696","POINT (-86.7696 36.1801)"
"20200639047","2020-10-08T13:00:00.000","2","0","0",,"true","212318","5","SIDESWIPE - SAME DIRECTION",,,"1","DAYLIGHT","12","MOTOR VEHICLE IN TRANSPORT","NOLENSVILLE PKE & WELSHWOOD DR","NASHVILLE","TN","37211","8501","MIDTOW","36.0826","-86.7273","POINT (-86.7273 36.0826)"
"20200639045","2020-10-08T13:40:00.000","1","1","0",,"false","420034","0","NOT COLLISION W/MOTOR VEHICLE-TRANSPORT","21","CLEAR","1","DAYLIGHT","17;30;33","BOULDER;UTILITY POLE;CURB","1000 W TRINITY LN","NASHVILLE","TN","37218","3101","NORTH","36.206","-86.8112","POINT (-86.8112 36.206)"
"20200639012","2020-10-08T13:22:00.000","2","1","0",,"true","4000719","4","ANGLE",,,"1","DAYLIGHT","12","MOTOR VEHICLE IN TRANSPORT","MM 60 0 I 24","ANTIOCH","TN","37013","88060","SOUTH","36.0403","-86.6502","POINT (-86.6502 36.0403)"
"20200638926","2020-10-08T12:17:00.000","2","0","0",,"true","620072","4","ANGLE",,,"1","DAYLIGHT","12","MOTOR VEHICLE IN TRANSPORT","15TH AVN & CHURCH ST","NASHVILLE","TN","37203","5517","MIDTOW","36.1574","-86.7927","POINT (-86.7927 36.1574)"
"20200638902","2020-10-08T12:03:00.000","2","0","0",,"true","594473","4","ANGLE","22","CLOUDY","1","DAYLIGHT","12","MOTOR VEHICLE IN TRANSPORT","MICHIGAN AV & 51ST AVN","NASHVILLE","TN","37209","4603","WEST","36.1587","-86.8493","POINT (-86.8493 36.1587)"
"20200638780","2020-10-08T10:05:00.000","2","0","0",,"false","212318","4","ANGLE",,,"1","DAYLIGHT","12","MOTOR VEHICLE IN TRANSPORT","VILLAGE WAY & YORKSHIRE CIR","NASHVILLE","TN","37211","8653","MIDTOW","36.0455","-86.7271","POINT (-86.7271 36.0455)"
"20200638762","2020-10-08T10:20:00.000","1","0","0",,"false","110092","0","NOT COLLISION W/MOTOR VEHICLE-TRANSPORT","21","CLEAR","1","DAYLIGHT","36","CONCRETE TRAFFIC BARRIER","MM 217 5 I 40","NASHVILLE","TN","37214","8906","HERMIT","36.1425","-86.651","POINT (-86.651 36.1425)"
"20200638711","2020-10-08T08:21:00.000","2","0","0",,"true","405404","6","SIDESWIPE - OPPOSITE DIRECTION","21","CLEAR","1","DAYLIGHT","12","MOTOR VEHICLE IN TRANSPORT","WHITTEMORE LN & BURKITT RD","ANTIOCH","TN","37013","8769","SOUTH","35.992","-86.6548","POINT (-86.6548 35.992)"
"20200638678","2020-10-08T09:19:00.000","2","4","0",,"true","235761","11","Front to Rear","21","CLEAR","1","DAYLIGHT","12","MOTOR VEHICLE IN TRANSPORT","MM 201 3 I 40","NASHVILLE","TN","37209","46027","WEST","36.1339","-86.8958","POINT (-86.8958 36.1339)"
"20200638661","2020-10-08T08:58:00.000","2","0","0",,"false","630627","11","Front to Rear","21","CLEAR","1","DAYLIGHT","12","MOTOR VEHICLE IN TRANSPORT","STATE HWY 45 & UNKNOWN RAMP","MADISON","TN","37115","1777","MADISO","36.2642","-86.7358","POINT (-86.7358 36.2642)"
"20200638627","2020-10-08T07:45:00.000","2","0","0",,"false","4001097","11","Front to Rear",,,"1","DAYLIGHT","12","MOTOR VEHICLE IN TRANSPORT","MYATT DR & GALLATIN PKEN","MADISON","TN","37115","1731","MADISO","36.2967","-86.699","POINT (-86.699 36.2967)"
"20200638399","2020-10-08T05:21:00.000","2","0","0",,"false","4001452","11","Front to Rear",,,"3","DARK - LIGHTED","12","MOTOR VEHICLE IN TRANSPORT","HAMILTON CHURCH RD & HAMILTON CROSSINGS","ANTIOCH","TN","37013","8865","SOUTH","36.0629","-86.6291","POINT (-86.6291 36.0629)"
"20200638274","2020-10-08T03:28:00.000","2","0","0",,"true","299248","4","ANGLE","21","CLEAR","3","DARK - LIGHTED","12","MOTOR VEHICLE IN TRANSPORT","EZELL RD & HAYWOOD LN","NASHVILLE","TN","37211","8707","SOUTH","36.0701","-86.6939","POINT (-86.6939 36.0701)"
"20200638044","2020-10-08T00:10:00.000","2","1","0",,"false","352201","2","HEAD-ON","21","CLEAR","3","DARK - LIGHTED","1;12","MOTOR VEHICLE IN TRANSPORT","BRILEY PKWY & I40 W EXT RAMP","NASHVILLE","TN","37209","4696","WEST","36.153","-86.8576","POINT (-86.8576 36.153)"
"20200638015","2020-10-07T23:37:00.000","2","0","0",,"false","405424","11","Front to Rear",,,"2","DARK - NOT LIGHTED","12;7","MOTOR VEHICLE IN TRANSPORT","COUCHVILLE PKE & PULLEY RD","NASHVILLE","TN","37217","8947","HERMIT","36.1176","-86.6597","POINT (-86.6597 36.1176)"
"20200637993","2020-10-07T22:00:00.000","2","0","0",,"false","4000720","6","SIDESWIPE - OPPOSITE DIRECTION",,,"3","DARK - LIGHTED","12","MOTOR VEHICLE IN TRANSPORT","PARAGON MILLS RD & DONNA KAY DR","NASHVILLE","TN","37211","8443","SOUTH","36.0871","-86.708","POINT (-86.708 36.0871)"
"20200637924","2020-10-07T22:38:00.000","2","2","0",,"false","212330","4","ANGLE",,,"3","DARK - LIGHTED","12","MOTOR VEHICLE IN TRANSPORT","CHANDLER RD & STONERS GLEN CT","HERMITAGE","TN","37076","9523","HERMIT","36.1953","-86.5988","POINT (-86.5988 36.1953)"
"20200637880","2020-10-07T21:43:00.000","1","1","0",,"false","320603","9","UNKNOWN","21","CLEAR","3","DARK - LIGHTED","99","UNKNOWN MOST HARMFUL EVENT","WILLARD DR & EAST RIDGE DR","NASHVILLE","TN","37211","8707","SOUTH","36.0719","-86.6982","POINT (-86.6982 36.0719)"
"20200637858","2020-10-07T21:22:00.000","1","0","0",,"false","409191","0","NOT COLLISION W/MOTOR VEHICLE-TRANSPORT",,,"3","DARK - LIGHTED","30","UTILITY POLE","DICKERSON PKE & TUCKAHOE DR","MADISON","TN","37115","2019","MADISO","36.2604","-86.7577","POINT (-86.7577 36.2604)"
"20200637822","2020-10-07T20:55:00.000","2","0","0",,"true","4000725","4","ANGLE","21","CLEAR","3","DARK - LIGHTED","12","MOTOR VEHICLE IN TRANSPORT","DOUGLAS AV & DICKERSON PKE","NASHVILLE","TN","37207","1911","EAST","36.1945","-86.7723","POINT (-86.7723 36.1945)"
"20200637802","2020-10-07T20:44:00.000","2","0","0",,"false","197054","11","Front to Rear",,,"3","DARK - LIGHTED","14","PARKED MOTOR VEHICLE","BRILEY PKWYN & CORPORATE DR","NASHVILLE","TN","37217","8998","HERMIT","36.1343","-86.6974","POINT (-86.6974 36.1343)"
"20200637758","2020-10-07T20:11:00.000","2","0","0",,"false","320603","11","Front to Rear",,,"3","DARK - LIGHTED","12","MOTOR VEHICLE IN TRANSPORT","I24 W ENT RAMP & I 24","NASHVILLE","TN","37206","1009","EAST","36.1666","-86.7638","POINT (-86.7638 36.1666)"
"20200637731","2020-10-07T19:42:00.000","2","0","0",,"false","311804","11","Front to Rear","21","CLEAR","3","DARK - LIGHTED","12","MOTOR VEHICLE IN TRANSPORT","8TH AVS & DEMONBREUN ST","NASHVILLE","TN","37203","4041","CENTRA","36.1569","-86.7808","POINT (-86.7808 36.1569)"
"20200637690","2020-10-07T19:10:00.000","2","0","0",,"false","887603","11","Front to Rear",,,"3","DARK - LIGHTED","12","MOTOR VEHICLE IN TRANSPORT","GALLATIN AV & CAHAL AV","NASHVILLE","TN","37206","1331","EAST","36.196","-86.7426","POINT (-86.7426 36.196)"
"20200637689","2020-10-07T19:20:00.000","2","1","0",,"false","320592","11","Front to Rear","21","CLEAR","3","DARK - LIGHTED","12","MOTOR VEHICLE IN TRANSPORT","MM 208 4 I 40","NASHVILLE","TN","37203","54024","NORTH","36.165","-86.7943","POINT (-86.7943 36.165)"
"20200637679","2020-10-07T18:49:00.000","2","0","0",,"false","298860","4","ANGLE",,,"2","DARK - NOT LIGHTED","12","MOTOR VEHICLE IN TRANSPORT","SCOTTS CREEK PKWY & TULIP GROVE RD","HERMITAGE","TN","37076","9525","HERMIT","36.2031","-86.5916","POINT (-86.5916 36.2031)"
"20200637666","2020-10-07T00:00:00.000","2","1","0",,"false","409155","98","OTHER",,,"2","DARK - NOT LIGHTED","12","MOTOR VEHICLE IN TRANSPORT","BRICK CHURCH PKE & OLD HICKORY BLVD","WHITES CREEK","TN","37189","2015","MADISO","36.2796","-86.7836","POINT (-86.7836 36.2796)"
"20200637634","2020-10-07T18:34:00.000","2","0","0",,"true","320585","5","SIDESWIPE - SAME DIRECTION",,,"1","DAYLIGHT","14","PARKED MOTOR VEHICLE","OPRY MILLS DR & BRILEY PKWYS","NASHVILLE","TN","37214","9209","HERMIT","36.2033","-86.6899","POINT (-86.6899 36.2033)"
"20200637603","2020-10-07T18:39:00.000","2","0","0",,"true","633370","5","SIDESWIPE - SAME DIRECTION","21","CLEAR","5","DUSK","12","MOTOR VEHICLE IN TRANSPORT","KAREN DR & BRILEY PKWY","NASHVILLE","TN","37217","8827","HERMIT","36.1395","-86.7005","POINT (-86.7005 36.1395)"
"20200637542","2020-10-07T17:41:00.000","2","3","0",,"true","311333","4","ANGLE",,,"1","DAYLIGHT","12","MOTOR VEHICLE IN TRANSPORT","BUENA VISTA PIKE & STOKERS LN","NASHVILLE","TN","37218","3035","NORTH","36.2114","-86.8175","POINT (-86.8175 36.2114)"
"20200637494","2020-10-07T17:29:00.000","1","1","0",,"false","419972","0","NOT COLLISION W/MOTOR VEHICLE-TRANSPORT","21","CLEAR","1","DAYLIGHT","8","PEDESTRIAN","ELMINGTON AV & GILLESPIE AV","NASHVILLE","TN","37205","6005","WEST","36.1347","-86.8233","POINT (-86.8233 36.1347)"
"20200637472","2020-10-07T17:17:00.000","2","1","0",,"false","384433","11","Front to Rear","21","CLEAR","1","DAYLIGHT","12","MOTOR VEHICLE IN TRANSPORT","BUENA VISTA PKE & RESHA LN","NASHVILLE","TN","37218","3135","NORTH","36.1941","-86.8308","POINT (-86.8308 36.1941)"
"20200637408","2020-10-07T16:16:00.000","2","0","0",,"false","320603","4","ANGLE","21","CLEAR","1","DAYLIGHT","12","MOTOR VEHICLE IN TRANSPORT","BELL RD & HICKORY PARK DR","ANTIOCH","TN","37013","8753","SOUTH","36.0449","-86.6704","POINT (-86.6704 36.0449)"
"20200637404","2020-10-07T16:36:00.000","2","0","0",,"false","240985","11","Front to Rear",,,"1","DAYLIGHT","12","MOTOR VEHICLE IN TRANSPORT","OLD HICKORY BLVD & HICKORY SPRINGS RD","NASHVILLE","TN","37215","6305","MIDTOW","36.0413","-86.822","POINT (-86.822 36.0413)"
"20200637385","2020-10-07T16:15:00.000","2","0","0",,"false","4001094","4","ANGLE",,,"1","DAYLIGHT","12","MOTOR VEHICLE IN TRANSPORT","OLD HARDING PKE & BAUGH RD","NASHVILLE","TN","37221","4817","WEST","36.0687","-86.9329","POINT (-86.9329 36.0687)"
"20200637383","2020-10-07T16:20:00.000","2","0","0",,"true","298860","11","Front to Rear",,,"1","DAYLIGHT","12","MOTOR VEHICLE IN TRANSPORT","LEBANON PKE & ANDREW JACKSON PKWY","HERMITAGE","TN","37076","9537","HERMIT","36.2151","-86.5962","POINT (-86.5962 36.2151)"
"20200637335","2020-10-07T15:50:00.000","2","0","0",,"false","320577","11","Front to Rear",,,"1","DAYLIGHT","12","MOTOR VEHICLE IN TRANSPORT","LEBANON PKE & HIGHLAND VIEW DR","HERMITAGE","TN","37076","9719","HERMIT","36.2078","-86.6114","POINT (-86.6114 36.2078)"
"20200637322","2020-10-07T15:49:00.000","3","0","0",,"false","179606","11","Front to Rear",,,"1","DAYLIGHT","12","MOTOR VEHICLE IN TRANSPORT","WEDGEWOOD AV & HILLSIDE AV","NASHVILLE","TN","37203","6915","MIDTOW","36.1347","-86.784","POINT (-86.784 36.1347)"
"20200637314","2020-10-07T15:46:00.000","1","1","0",,"false","4000975","0","NOT COLLISION W/MOTOR VEHICLE-TRANSPORT",,,"1","DAYLIGHT","1;42","TREE","CHEYENNE BLVD & CHEYENNE TRC","MADISON","TN","37115","1617","MADISO","36.2509","-86.6706","POINT (-86.6706 36.2509)"
"20200637265","2020-10-07T15:10:00.000","3","0","0",,"false","256427","11","Front to Rear",,,"1","DAYLIGHT","12","MOTOR VEHICLE IN TRANSPORT","BATTERY LN & LEALAND LN","NASHVILLE","TN","37204","7025","MIDTOW","36.0883","-86.791","POINT (-86.791 36.0883)"
"20200637260","2020-10-07T15:16:00.000","2","1","0",,"false","330428","4","ANGLE","21","CLEAR","1","DAYLIGHT","12","MOTOR VEHICLE IN TRANSPORT","BELL RD & I24 E EXT RAMP","ANTIOCH","TN","37013","8751","SOUTH","36.0451","-86.6593","POINT (-86.6593 36.0451)"
"20200637256","2020-10-07T15:16:00.000","3","0","0",,"false","197068","11","Front to Rear",,,"1","DAYLIGHT","12","MOTOR VEHICLE IN TRANSPORT","MM 86 2 I 65","NASHVILLE","TN","37207","1910","CENTRA","36.1919","-86.7812","POINT (-86.7812 36.1919)"
"20200637227","2020-10-07T14:40:00.000","2","0","0",,"false","4000725","11","Front to Rear","21","CLEAR","1","DAYLIGHT","12","MOTOR VEHICLE IN TRANSPORT","MM 49 3 I 24","NASHVILLE","TN","37206","10040","EAST","36.1629","-86.7614","POINT (-86.7614 36.1629)"
"20200637214","2020-10-07T14:36:00.000","2","0","0",,"false","320585","2","HEAD-ON",,,"1","DAYLIGHT","12","MOTOR VEHICLE IN TRANSPORT","FAIRWAY DR & LEBANON PKE","NASHVILLE","TN","37214","9203","HERMIT","36.1697","-86.6825","POINT (-86.6825 36.1697)"
"20200637071","2020-10-07T13:21:00.000","1","1","0","true","false","140790","0","NOT COLLISION W/MOTOR VEHICLE-TRANSPORT",,,"1","DAYLIGHT","38;43;63","FENCE;OTHER FIXED OBJECTS;Ran Off Road-Right","MM 213 9 I 40","NASHVILLE","TN","37217","8802","HERMIT","36.1415","-86.7148","POINT (-86.7148 36.1415)"
"20200637069","2020-10-07T13:04:00.000","2","0","0",,"false","476332","4","ANGLE","21","CLEAR","1","DAYLIGHT","12","MOTOR VEHICLE IN TRANSPORT","LEBANON PKE & SPENCE LN","NASHVILLE","TN","37210","9019","HERMIT","36.1537","-86.7214","POINT (-86.7214 36.1537)"
"20200637049","2020-10-07T12:49:00.000","2","0","0",,"true","4001379","4","ANGLE",,,"1","DAYLIGHT","12","MOTOR VEHICLE IN TRANSPORT","THOMPSON PL & MURFREESBORO PKE","NASHVILLE","TN","37217","8821","HERMIT","36.1267","-86.711","POINT (-86.711 36.1267)"
"20200637006","2020-10-07T12:35:00.000","2","0","0",,"true","665896","11","Front to Rear","21","CLEAR","1","DAYLIGHT","12;14","MOTOR VEHICLE IN TRANSPORT;PARKED MOTOR VEHICLE","N 17TH ST & WOODLAND ST","NASHVILLE","TN","37206","1227","EAST","36.177","-86.7397","POINT (-86.7397 36.177)"
"20200636946","2020-10-07T12:07:00.000","2","0","0",,"false","4000823","4","ANGLE",,,"1","DAYLIGHT","12","MOTOR VEHICLE IN TRANSPORT","NOLENSVILLE PKE & ROSEDALE AV","NASHVILLE","TN","37211","8043","MIDTOW","36.125","-86.7522","POINT (-86.7522 36.125)"
"20200636883","2020-10-07T11:30:00.000","2","0","0",,"false","224895","11","Front to Rear","21","CLEAR","1","DAYLIGHT","12","MOTOR VEHICLE IN TRANSPORT","CHARLOTTE AV & 38TH AVN","NASHVILLE","TN","37209","5237","WEST","36.1527","-86.8296","POINT (-86.8296 36.1527)"
"20200636830","2020-10-07T10:50:00.000","2","0","0",,"false","191571","11","Front to Rear",,,"1","DAYLIGHT","12","MOTOR VEHICLE IN TRANSPORT","MM 87 0 I 65","NASHVILLE","TN","37207","18020","EAST","36.2018","-86.7766","POINT (-86.7766 36.2018)"
"20200636801","2020-10-07T10:40:00.000","2","1","0",,"false","225886","4","ANGLE","21","CLEAR","1","DAYLIGHT","12","MOTOR VEHICLE IN TRANSPORT","MM 100 1 OLD HICKORY BLVD","OLD HICKORY","TN","37138","9711","HERMIT","36.2475","-86.6412","POINT (-86.6412 36.2475)"
"20200636764","2020-10-07T10:08:00.000","2","0","0",,"false","476332","4","ANGLE",,,"1","DAYLIGHT","12","MOTOR VEHICLE IN TRANSPORT","MURFREESBORO PKE & BELL RD","NASHVILLE","TN","37217","8939","HERMIT","36.0901","-86.6581","POINT (-86.6581 36.0901)"
"20200636746","2020-10-07T09:30:00.000","1","1","0",,"false","4001378","0","NOT COLLISION W/MOTOR VEHICLE-TRANSPORT",,,"1","DAYLIGHT","21","BRIDGE PIER/ABUTMENT","I40 W EXT RAMP & I 40","NASHVILLE","TN","37203","4119","CENTRA","36.1574","-86.79","POINT (-86.79 36.1574)"
"20200636740","2020-10-07T09:59:00.000","1","1","0",,"false","462501","0","NOT COLLISION W/MOTOR VEHICLE-TRANSPORT",,,"1","DAYLIGHT","9",,"8TH AVS & BROADWAY","NASHVILLE","TN","37203","4085","CENTRA","36.1588","-86.782","POINT (-86.782 36.1588)"
"20200636725","2020-10-07T09:35:00.000","2","0","0",,"false","140790","4","ANGLE","21","CLEAR","1","DAYLIGHT","12","MOTOR VEHICLE IN TRANSPORT","ALLEN RD & DONELSON PKE","NASHVILLE","TN","37214","9423","HERMIT","36.1507","-86.6666","POINT (-86.6666 36.1507)"
"20200636723","2020-10-07T09:35:00.000","2","0","0",,"false","4001002","4","ANGLE",,,"1","DAYLIGHT","12","MOTOR VEHICLE IN TRANSPORT","OLD HICKORY BLVD & S HILLVIEW DR","NASHVILLE","TN","37220","7111","MIDTOW","36.0375","-86.791","POINT (-86.791 36.0375)"
"20200636719","2020-10-07T09:46:00.000","1","0","0","true","false","414731","0","NOT COLLISION W/MOTOR VEHICLE-TRANSPORT",,,"1","DAYLIGHT","38","FENCE","HIGGINS ST & NOLENSVILLE PKE","NASHVILLE","TN","37211","8701","SOUTH","36.072","-86.7238","POINT (-86.7238 36.072)"
"20200636637","2020-10-07T08:51:00.000","2","2","0",,"false","420059","5","SIDESWIPE - SAME DIRECTION",,,"1","DAYLIGHT","12","MOTOR VEHICLE IN TRANSPORT","TYNE BLVD & BELMONT PARK TER","NASHVILLE","TN","37215","6309","MIDTOW","36.081","-86.8089","POINT (-86.8089 36.081)"
"20200636621","2020-10-07T08:45:00.000","2","0","0",,"false","4000686","4","ANGLE",,,"1","DAYLIGHT","12","MOTOR VEHICLE IN TRANSPORT","E TRINITY LN & ELLINGTON PKWYS","NASHVILLE","TN","37207","1896","EAST","36.2047","-86.7504","POINT (-86.7504 36.2047)"
"20200636592","2020-10-07T08:24:00.000","1","0","0",,"false","620072","0","NOT COLLISION W/MOTOR VEHICLE-TRANSPORT",,,"1","DAYLIGHT","42","TREE","MM 79 7 I 65","NASHVILLE","TN","37204","8504","MIDTOW","36.1092","-86.7698","POINT (-86.7698 36.1092)"
"20200636554","2020-10-07T08:27:00.000","2","0","0",,"false","462494","6","SIDESWIPE - OPPOSITE DIRECTION",,,"1","DAYLIGHT","14","PARKED MOTOR VEHICLE","US HWY 431 & LYLE AVE","NASHVILLE","TN","37203","5711","MIDTOW","36.1504","-86.7972","POINT (-86.7972 36.1504)"
"20200636553","2020-10-07T08:00:00.000","2","0","0",,"false","571313","11","Front to Rear","21","CLEAR","1","DAYLIGHT","12","MOTOR VEHICLE IN TRANSPORT","WOODMONT BLVD WB ENT RAMP & WOODMONT BLV","NASHVILLE","TN","37204","7001","MIDTOW","36.1103","-86.775","POINT (-86.775 36.1103)"
"20200636547","2020-10-07T07:30:00.000","2","0","0",,"true","433550","5","SIDESWIPE - SAME DIRECTION","21","CLEAR","1","DAYLIGHT","12","MOTOR VEHICLE IN TRANSPORT","MM 93 2 I 65","MADISON","TN","37115","17062","MADISO","36.2787","-86.7343","POINT (-86.7343 36.2787)"
"20200636538","2020-10-07T08:25:00.000","2","0","0",,"false","571328","11","Front to Rear",,,"1","DAYLIGHT","12","MOTOR VEHICLE IN TRANSPORT","W TRINITY LN & LUCAS LN","NASHVILLE","TN","37207","1863","EAST","36.2061","-86.7711","POINT (-86.7711 36.2061)"
"20200636510","2020-10-07T07:20:00.000","2","1","0",,"false","226319","11","Front to Rear","21","CLEAR","1","DAYLIGHT","12","MOTOR VEHICLE IN TRANSPORT","MM 212 1 I 40","NASHVILLE","TN","37210","90041","HERMIT","36.1463","-86.7422","POINT (-86.7422 36.1463)"
"20200636494","2020-10-07T07:25:00.000","2","0","0",,"false","665896","11","Front to Rear","21","CLEAR","1","DAYLIGHT","12","MOTOR VEHICLE IN TRANSPORT","ELLINGTON PKWYS & ELLINGTON PKWY S EXT R","NASHVILLE","TN","37207","18960","EAST","36.1953","-86.7527","POINT (-86.7527 36.1953)"
"20200636449","2020-10-07T06:40:00.000","3","0","0",,"true","191571","11","Front to Rear",,,"4","DAWN","12","MOTOR VEHICLE IN TRANSPORT","MM 87 8 I 65","NASHVILLE","TN","37207","1804","EAST","36.2138","-86.7754","POINT (-86.7754 36.2138)"
"20200636409","2020-10-07T05:45:00.000","2","0","0",,"false","320598","4","ANGLE","21","CLEAR","2","DARK - NOT LIGHTED","14","PARKED MOTOR VEHICLE","TRIMBLE ST & CLAIBORNE ST","NASHVILLE","TN","37210","8137","SOUTH","36.1463","-86.7615","POINT (-86.7615 36.1463)"
"20200636317","2020-10-07T00:00:00.000","1","1","0",,"false","279216","0","NOT COLLISION W/MOTOR VEHICLE-TRANSPORT",,,"3","DARK - LIGHTED","1;34","DITCH","MM 86 8 I 65","NASHVILLE","TN","37207","3002","NORTH","36.1987","-86.7764","POINT (-86.7764 36.1987)"
"20200636195","2020-10-07T01:30:00.000","2","0","0",,"true","220884","11","Front to Rear",,,"3","DARK - LIGHTED","12","MOTOR VEHICLE IN TRANSPORT","GALLATIN PKES & E PALESTINE AV","MADISON","TN","37115","1507","MADISO","36.2491","-86.7196","POINT (-86.7196 36.2491)"
"20200635998","2020-10-06T23:30:00.000","4","2","0",,"false","279201","11","Front to Rear",,,"3","DARK - LIGHTED","12;55","MOTOR VEHICLE IN TRANSPORT;Motor Vehicle-In-Motion Outside Trafficw","LAFAYETTE ST & LEWIS ST","NASHVILLE","TN","37210","8145","SOUTH","36.1441","-86.7479","POINT (-86.7479 36.1441)"
"20200635945","2020-10-06T21:58:00.000","2","0","0",,"true","197060","5","SIDESWIPE - SAME DIRECTION","21","CLEAR","3","DARK - LIGHTED","12","MOTOR VEHICLE IN TRANSPORT","700 OLD HICKORY BLVDW","MADISON","TN","37115","2041","MADISO","36.2651","-86.739","POINT (-86.739 36.2651)"
"20200635815","2020-10-06T21:00:00.000","2","1","0",,"false","330428","0","NOT COLLISION W/MOTOR VEHICLE-TRANSPORT","21","CLEAR","2","DARK - NOT LIGHTED","12;42","MOTOR VEHICLE IN TRANSPORT;TREE","FRANKLIN LIMESTONE RD & MULLINS RD","ANTIOCH","TN","37013","8899","SOUTH","36.0813","-86.679","POINT (-86.679 36.0813)"
"20200635745","2020-10-06T20:05:00.000","2","0","0",,"false","311328","4","ANGLE","21","CLEAR","3","DARK - LIGHTED","12","MOTOR VEHICLE IN TRANSPORT","12TH AVE N & US HWY 70","NASHVILLE","TN","37203","4079","CENTRA","36.1566","-86.7875","POINT (-86.7875 36.1566)"
"20200635743","2020-10-06T20:05:00.000","1","1","0",,"true","352153","0","NOT COLLISION W/MOTOR VEHICLE-TRANSPORT",,,"3","DARK - LIGHTED","8","PEDESTRIAN","GALLATIN PKES & MADISON SQ","MADISON","TN","37115","1623","MADISO","36.2541","-86.7161","POINT (-86.7161 36.2541)"
"20200635741","2020-10-06T20:07:00.000","2","0","0",,"true","299243","4","ANGLE",,,"3","DARK - LIGHTED","12","MOTOR VEHICLE IN TRANSPORT","GALLATIN PKES & E WEBSTER ST","MADISON","TN","37115","1507","MADISO","36.2525","-86.7173","POINT (-86.7173 36.2525)"
"20200635736","2020-10-06T20:00:00.000","1","0","0","true","false","256374","0","NOT COLLISION W/MOTOR VEHICLE-TRANSPORT",,,"3","DARK - LIGHTED","18","OTHER OBJECT (NOT FIXED)","HARDING PKE & WEST END AV","NASHVILLE","TN","37205","6019","WEST","36.1303","-86.8378","POINT (-86.8378 36.1303)"
"20200635733","2020-10-06T20:00:00.000","2","0","0",,"false","4001446","4","ANGLE","21","CLEAR","3","DARK - LIGHTED","12","MOTOR VEHICLE IN TRANSPORT","20TH AVE N & CHURCH ST","NASHVILLE","TN","37203","5525","MIDTOW","36.1534","-86.8008","POINT (-86.8008 36.1534)"
"20200635703","2020-10-06T16:25:00.000","2","0","0",,"false","311340","11","Front to Rear",,,"1","DAYLIGHT","12","MOTOR VEHICLE IN TRANSPORT","CHARLOTTE AV & DR D B TODD JR BLVD","NASHVILLE","TN","37203","5505","MIDTOW","36.1581","-86.8","POINT (-86.8 36.1581)"
"20200635678","2020-10-06T19:12:00.000","2","0","0",,"false","384402","11","Front to Rear",,,"1","DAYLIGHT","12","MOTOR VEHICLE IN TRANSPORT","EASTLAND AV & GALLATIN AV","NASHVILLE","TN","37206","1243","EAST","36.1838","-86.7484","POINT (-86.7484 36.1838)"