"accident_number","date_and_time","number_of_motor_vehicles","number_of_injuries","number_of_fatalities","property_damage","hit_and_run","reporting_officer","collision_type","collision_type_description","weather","weather_description","illuaccidemination","illumination_description","harmfulcodes","harmfuldescriptions","street_address","city","state","zip","rpa","precinct","lat","long","mapped_location"
"20200635647","2020-10-06T18:54:00.000","2","0","0",,"true","524985","4","ANGLE",,,"3","DARK - LIGHTED","12","MOTOR VEHICLE IN TRANSPORT","DICKERSON PKE & DARBYTOWN DR","MADISON","TN","37115","2039","MADISO","36.266","-86.7569","POINT (-86.7569 36.266)"
"20200635579","2020-10-06T17:22:00.000","2","0","0",,"false","429193","4","ANGLE",,,"1","DAYLIGHT","12","MOTOR VEHICLE IN TRANSPORT","CHARLOTTE PK & I 40 W EXIT RAMP","NASHVILLE","TN","37209","4701","WEST","36.1303","-86.8997","POINT (-86.8997 36.1303)"
"20200635544","2020-10-06T17:43:00.000","2","1","0",,"false","4001146","11","Front to Rear",,,"1","DAYLIGHT","12","MOTOR VEHICLE IN TRANSPORT","OLD HICKORY BLVD & IRIS AV","OLD HICKORY","TN","37138","9607","HERMIT","36.2415","-86.6336","POINT (-86.6336 36.2415)"
"20200635530","2020-10-06T16:37:00.000","2","0","0",,"false","320603","11","Front to Rear",,,"1","DAYLIGHT","12","MOTOR VEHICLE IN TRANSPORT","SOUTHLAKE DR & BRILEY PKWYN","NASHVILLE","TN","37211","8423","SOUTH","36.1095","-86.7281","POINT (-86.7281 36.1095)"
"20200635503","2020-10-06T00:00:00.000","2","2","0",,"false","311340","4","ANGLE",,,"1","DAYLIGHT","12","MOTOR VEHICLE IN TRANSPORT","ED TEMPLE BLVD & ROSA L PARKS BLVD","NASHVILLE","TN","37228","4483","NORTH","36.188","-86.8216","POINT (-86.8216 36.188)"
"20200635419","2020-10-06T16:12:00.000","3","0","0",,"false","109536","3","REAR-TO-REAR",,,"1","DAYLIGHT","14","PARKED MOTOR VEHICLE","KEMPER DRN & OLD HICKORY BLVDW","MADISON","TN","37115","2039","MADISO","36.2673","-86.7546","POINT (-86.7546 36.2673)"
"20200635408","2020-10-06T15:22:00.000","2","0","0",,"false","409196","11","Front to Rear",,,"1","DAYLIGHT","12","MOTOR VEHICLE IN TRANSPORT","JOCELYN HOLLOW RD & BROOK HOLLOW RD","NASHVILLE","TN","37205","4909","WEST","36.1041","-86.8844","POINT (-86.8844 36.1041)"
"20200635396","2020-10-06T16:20:00.000","2","0","0",,"false","311340","11","Front to Rear",,,"1","DAYLIGHT","12","MOTOR VEHICLE IN TRANSPORT","BRILEY PKWY W EXT RAMP & CLARKSVILLE PKE","NASHVILLE","TN","37218","3219","NORTH","36.23","-86.8333","POINT (-86.8333 36.23)"
"20200635380","2020-10-06T16:23:00.000","2","1","0",,"true","409210","6","SIDESWIPE - OPPOSITE DIRECTION",,,"1","DAYLIGHT","12","MOTOR VEHICLE IN TRANSPORT","MCDANIEL ST & 18TH AVN","NASHVILLE","TN","37208","4485","NORTH","36.1837","-86.8132","POINT (-86.8132 36.1837)"
"20200635363","2020-10-06T16:11:00.000","3","2","0",,"false","279225","5","SIDESWIPE - SAME DIRECTION",,,"1","DAYLIGHT","12;25","MOTOR VEHICLE IN TRANSPORT;GUARDRAIL END","MM 213 8 I 40","NASHVILLE","TN","37217","8802","HERMIT","36.1413","-86.7163","POINT (-86.7163 36.1413)"
"20200635306","2020-10-06T12:03:00.000","2","2","0",,"true","311333","11","Front to Rear",,,"1","DAYLIGHT","12","MOTOR VEHICLE IN TRANSPORT","US HWY 41 ALT & BUENA VISTA PIKE","NASHVILLE","TN","37218","3135","NORTH","36.1937","-86.8312","POINT (-86.8312 36.1937)"
"20200635279","2020-10-06T14:24:00.000","2","0","0",,"false","330428","4","ANGLE",,,"1","DAYLIGHT","12","MOTOR VEHICLE IN TRANSPORT","NOLENSVILLE PKE & PARAGON MILLS RD","NASHVILLE","TN","37211","8421","SOUTH","36.0848","-86.7281","POINT (-86.7281 36.0848)"
"20200635259","2020-10-06T15:17:00.000","9","0","0","true","false","320585","0","NOT COLLISION W/MOTOR VEHICLE-TRANSPORT",,,"1","DAYLIGHT","12;30","MOTOR VEHICLE IN TRANSPORT;UTILITY POLE","LEBANON PKE & SPENCE LN","NASHVILLE","TN","37210","9019","HERMIT","36.1537","-86.7214","POINT (-86.7214 36.1537)"
"20200635201","2020-10-06T14:50:00.000","3","3","0",,"false","330414","11","Front to Rear",,,"1","DAYLIGHT","12","MOTOR VEHICLE IN TRANSPORT","MM 212 0 I 40","NASHVILLE","TN","37210","90041","HERMIT","36.147","-86.7433","POINT (-86.7433 36.147)"
"20200635181","2020-10-06T13:14:00.000","2","0","0",,"true","197054","11","Front to Rear",,,"1","DAYLIGHT","12","MOTOR VEHICLE IN TRANSPORT","MURFREESBORO PKE & SPENCE LN","NASHVILLE","TN","37217","8801","SOUTH","36.1357","-86.7249","POINT (-86.7249 36.1357)"
"20200635180","2020-10-06T14:00:00.000","2","0","0",,"false","409185","5","SIDESWIPE - SAME DIRECTION","21","CLEAR","1","DAYLIGHT","12","MOTOR VEHICLE IN TRANSPORT","WOODMONT BLVD & GRANNY WHITE PKE","NASHVILLE","TN","37204","7007","MIDTOW","36.1116","-86.7926","POINT (-86.7926 36.1116)"
"20200635173","2020-10-06T14:35:00.000","2","0","0",,"false","298877","4","ANGLE",,,"1","DAYLIGHT","12","MOTOR VEHICLE IN TRANSPORT","POWELL AV & OLD POWELL AV","NASHVILLE","TN","37204","8525","MIDTOW","36.1109","-86.7672","POINT (-86.7672 36.1109)"
"20200635161","2020-10-06T14:42:00.000","2","0","0",,"false","212343","11","Front to Rear",,,"1","DAYLIGHT","12","MOTOR VEHICLE IN TRANSPORT","MM 48 3 I 24","NASHVILLE","TN","37213","11080","CENTRA","36.1722","-86.7689","POINT (-86.7689 36.1722)"
"20200635158","2020-10-06T13:40:00.000","2","0","0",,"false","420034","4","ANGLE",,,"1","DAYLIGHT","12","MOTOR VEHICLE IN TRANSPORT","ASHLAND CITY HWY & AMY LYNN DR","NASHVILLE","TN","37218","3235","NORTH","36.2103","-86.8776","POINT (-86.8776 36.2103)"
"20200635140","2020-10-06T13:49:00.000","2","0","0",,"true","240983","5","SIDESWIPE - SAME DIRECTION",,,"1","DAYLIGHT","12","MOTOR VEHICLE IN TRANSPORT","WALLACE RD & NOLENSVILLE PKE","NASHVILLE","TN","37211","8701","SOUTH","36.0779","-86.7237","POINT (-86.7237 36.0779)"
"20200635132","2020-10-06T14:15:00.000","2","1","0",,"false","4001084","4","ANGLE",,,"1","DAYLIGHT","12","MOTOR VEHICLE IN TRANSPORT","EASTLAND AV & GALLATIN AV","NASHVILLE","TN","37206","1243","EAST","36.1838","-86.7484","POINT (-86.7484 36.1838)"
"20200635011","2020-10-06T12:30:00.000","2","1","0",,"false","226098","6","SIDESWIPE - OPPOSITE DIRECTION",,,"1","DAYLIGHT","12","MOTOR VEHICLE IN TRANSPORT","UNION HILL RD & LAMA TERRA DR","WHITES CREEK","TN","37189","2211","NORTH","36.3382","-86.8303","POINT (-86.8303 36.3382)"
"20200634977","2020-10-06T12:27:00.000","2","0","0",,"false","140790","4","ANGLE",,,"1","DAYLIGHT","12","MOTOR VEHICLE IN TRANSPORT","MURFREESBORO PKE & BROOKSBORO PL","ANTIOCH","TN","37013","8891","SOUTH","36.0837","-86.6472","POINT (-86.6472 36.0837)"
"20200634952","2020-10-06T12:00:00.000","1","0","0",,"false","235761","0","NOT COLLISION W/MOTOR VEHICLE-TRANSPORT","21","CLEAR","1","DAYLIGHT","18","OTHER OBJECT (NOT FIXED)","I40 E ENT RAMP & I 40","NASHVILLE","TN","37205","4903","WEST","36.1109","-86.922","POINT (-86.922 36.1109)"
"20200634920","2020-10-06T11:53:00.000","2","0","0",,"false","352159","11","Front to Rear","21","CLEAR","1","DAYLIGHT","12","MOTOR VEHICLE IN TRANSPORT","UNION ST & 6TH AVN","NASHVILLE","TN","37219","4141","CENTRA","36.164","-86.7823","POINT (-86.7823 36.164)"
"20200634918","2020-10-06T12:04:00.000","2","2","0",,"false","401451","11","Front to Rear","21","CLEAR","1","DAYLIGHT","12","MOTOR VEHICLE IN TRANSPORT","CHARLOTTE PKE & CABOT DR","NASHVILLE","TN","37209","4677","WEST","36.2336","-86.7283","POINT (-86.7283 36.2336)"
"20200634908","2020-10-06T12:03:00.000","2","0","0",,"false","507813","4","ANGLE","21","CLEAR","1","DAYLIGHT","12","MOTOR VEHICLE IN TRANSPORT","DIVISION ST & US HWY 31","NASHVILLE","TN","37203","4009","CENTRA","36.1497","-86.7791","POINT (-86.7791 36.1497)"
"20200634826","2020-10-06T11:00:00.000","2","0","0",,"false","4001081","4","ANGLE",,,"1","DAYLIGHT","12","MOTOR VEHICLE IN TRANSPORT","MURFREESBORO PKE & MILLWOOD DR","NASHVILLE","TN","37217","8815","HERMIT","36.1295","-86.7147","POINT (-86.7147 36.1295)"
"20200634770","2020-10-06T09:30:00.000","2","0","0",,"false","4001002","4","ANGLE",,,"1","DAYLIGHT","12","MOTOR VEHICLE IN TRANSPORT","I65 S EXT RAMP & I 65","MADISON","TN","37115","20044","MADISO","36.2481","-86.743","POINT (-86.743 36.2481)"
"20200634757","2020-10-06T10:30:00.000","2","0","0",,"false","140790","11","Front to Rear",,,"1","DAYLIGHT","12","MOTOR VEHICLE IN TRANSPORT","MCGAVOCK PKE WB EXT RAMP & MCGAVOCK PKE","NASHVILLE","TN","37214","9290","HERMIT","36.2169","-86.6915","POINT (-86.6915 36.2169)"
"20200634703","2020-10-06T09:30:00.000","2","0","0",,"false","493301","11","Front to Rear","21","CLEAR","1","DAYLIGHT","12","MOTOR VEHICLE IN TRANSPORT","WOODMONT BLVD & STOKESMONT RD","NASHVILLE","TN","37215","6413","MIDTOW","36.1134","-86.8041","POINT (-86.8041 36.1134)"
"20200634632","2020-10-06T09:18:00.000","1","0","0","true","false","414731","0","NOT COLLISION W/MOTOR VEHICLE-TRANSPORT",,,"1","DAYLIGHT","30","UTILITY POLE","ELYSIAN FIELDS CT & NOLENSVILLE PKE","NASHVILLE","TN","37211","8415","SOUTH","36.087","-86.73","POINT (-86.73 36.087)"
"20200634533","2020-10-06T08:24:00.000","3","1","0",,"false","279112","4","ANGLE","21","CLEAR","1","DAYLIGHT","1;12","MOTOR VEHICLE IN TRANSPORT","CHARLOTTE AV & 46TH AVN","NASHVILLE","TN","37209","5203","WEST","36.1522","-86.8422","POINT (-86.8422 36.1522)"
"20200634484","2020-10-06T07:58:00.000","2","0","0",,"false","140790","5","SIDESWIPE - SAME DIRECTION",,,"1","DAYLIGHT","12","MOTOR VEHICLE IN TRANSPORT","MURFREESBORO PKE & BELL RD","ANTIOCH","TN","37013","8865","SOUTH","36.072","-86.636","POINT (-86.636 36.072)"
"20200634371","2020-10-06T05:55:00.000","2","0","0",,"true","348631","5","SIDESWIPE - SAME DIRECTION","21","CLEAR","2","DARK - NOT LIGHTED","12","MOTOR VEHICLE IN TRANSPORT","I65 S EXT RAMP & I 65","MADISON","TN","37115","20044","MADISO","36.2481","-86.743","POINT (-86.743 36.2481)"
"20200634369","2020-10-06T06:40:00.000","2","1","0",,"false","633381","6","SIDESWIPE - OPPOSITE DIRECTION",,,"1","DAYLIGHT","12","MOTOR VEHICLE IN TRANSPORT","MURFREESBORO PKE & MOUNTAIN SPRINGS RD","ANTIOCH","TN","37013","8927","SOUTH","36.0478","-86.6121","POINT (-86.6121 36.0478)"
"20200634364","2020-10-05T22:30:00.000","2","0","0",,"true","256395","6","SIDESWIPE - OPPOSITE DIRECTION","21","CLEAR","2","DARK - NOT LIGHTED","14","PARKED MOTOR VEHICLE","HERMAN ST & 22ND AVN","NASHVILLE","TN","37208","5319","NORTH","36.1623","-86.8108","POINT (-86.8108 36.1623)"
"20200634326","2020-10-06T05:55:00.000","2","1","0",,"false","330441","11","Front to Rear","21","CLEAR","4","DAWN","12","MOTOR VEHICLE IN TRANSPORT","MM 55 2 I 24","NASHVILLE","TN","37211","8812","SOUTH","36.0923","-86.7049","POINT (-86.7049 36.0923)"
"20200634314","2020-10-06T05:30:00.000","2","0","0",,"true","279201","5","SIDESWIPE - SAME DIRECTION",,,"1","DAYLIGHT","12","MOTOR VEHICLE IN TRANSPORT","MM 211 7 I 40","NASHVILLE","TN","37210","82042","HERMIT","36.1499","-86.7483","POINT (-86.7483 36.1499)"
"20200634219","2020-10-06T00:00:00.000","2","0","0",,"true","384410","2","HEAD-ON","21","CLEAR","2","DARK - NOT LIGHTED","14","PARKED MOTOR VEHICLE","MCFERRIN AV & PETWAY AV","NASHVILLE","TN","37206","1925","EAST","36.1868","-86.7542","POINT (-86.7542 36.1868)"
"20200634210","2020-10-06T04:05:00.000","1","0","0","true","true","384439","0","NOT COLLISION W/MOTOR VEHICLE-TRANSPORT",,,"3","DARK - LIGHTED","23","BRIDGE RAIL","WELCH RD & SEVEN MILE CREEK HARDING MALL","NASHVILLE","TN","37211","8445","SOUTH","36.0831","-86.7241","POINT (-86.7241 36.0831)"
"20200633729","2020-10-05T21:15:00.000","2","0","0",,"true","311328","4","ANGLE","21","CLEAR","2","DARK - NOT LIGHTED","12","MOTOR VEHICLE IN TRANSPORT","CHURCH ST & US HWY 70","NASHVILLE","TN","37203","4153","CENTRA","36.1586","-86.7903","POINT (-86.7903 36.1586)"
"20200633639","2020-10-05T20:29:00.000","2","0","0",,"false","134892","4","ANGLE","21","CLEAR","3","DARK - LIGHTED","12","MOTOR VEHICLE IN TRANSPORT","HIGHWAY 70S & HICKS RD","NASHVILLE","TN","37221","4811","WEST","36.0739","-86.9263","POINT (-86.9263 36.0739)"
"20200633461","2020-10-05T17:41:00.000","2","1","0",,"false","240957","4","ANGLE",,,"5","DUSK","12","MOTOR VEHICLE IN TRANSPORT","SWISS AV & KNOLLS PL","NASHVILLE","TN","37211","8651","MIDTOW","36.0418","-86.716","POINT (-86.716 36.0418)"
"20200633434","2020-10-05T17:40:00.000","2","0","0",,"false","409207","5","SIDESWIPE - SAME DIRECTION","21","CLEAR","1","DAYLIGHT","12","MOTOR VEHICLE IN TRANSPORT","BRILEY PKWYW & BRILEY PKWYE","NASHVILLE","TN","37218","3216","NORTH","36.2254","-86.8638","POINT (-86.8638 36.2254)"
"20200633427","2020-10-05T17:49:00.000","1","0","0",,"false","330425","0","NOT COLLISION W/MOTOR VEHICLE-TRANSPORT",,,"1","DAYLIGHT","18","OTHER OBJECT (NOT FIXED)","ELM HILL PKE & BRILEY PKWYN","NASHVILLE","TN","37214","91980","HERMIT","36.1521","-86.6907","POINT (-86.6907 36.1521)"
"20200633355","2020-10-05T17:26:00.000","2","0","0",,"false","384438","5","SIDESWIPE - SAME DIRECTION",,,"1","DAYLIGHT","12","MOTOR VEHICLE IN TRANSPORT","12TH AVS & BROADWAY","NASHVILLE","TN","37203","4081","CENTRA","36.1563","-86.7873","POINT (-86.7873 36.1563)"
"20200633352","2020-10-05T17:23:00.000","2","0","0",,"false","409185","11","Front to Rear","21","CLEAR","5","DUSK","12","MOTOR VEHICLE IN TRANSPORT","HARDING PL & WAUFORD DR","NASHVILLE","TN","37211","8505","MIDTOW","36.0809","-86.7516","POINT (-86.7516 36.0809)"
"20200633341","2020-10-05T17:17:00.000","2","0","0",,"true","256386","11","Front to Rear",,,"1","DAYLIGHT","12","MOTOR VEHICLE IN TRANSPORT","NOLENSVILLE PKE & HAYWOOD LN","NASHVILLE","TN","37211","8661","MIDTOW","36.0683","-86.7193","POINT (-86.7193 36.0683)"
"20200633329","2020-10-05T16:05:00.000","2","0","0",,"false","4000975","4","ANGLE",,,"1","DAYLIGHT","12","MOTOR VEHICLE IN TRANSPORT","OLD HICKORY BLVD & DICKERSON PKE","NASHVILLE","TN","37207","2133","MADISO","36.2694","-86.7564","POINT (-86.7564 36.2694)"
"20200633299","2020-10-05T16:52:00.000","2","0","0",,"false","409207","4","ANGLE",,,"1","DAYLIGHT","12","MOTOR VEHICLE IN TRANSPORT","E OLD HICKORY BLVD & DELAWARE AV","MADISON","TN","37115","1607","MADISO","36.2628","-86.7042","POINT (-86.7042 36.2628)"
"20200633274","2020-10-05T16:06:00.000","2","0","0",,"true","352153","16","Rear to Side",,,"1","DAYLIGHT","14","PARKED MOTOR VEHICLE","GALLATIN PKEN & ODETTE ST","MADISON","TN","37115","1717","MADISO","36.2805","-86.7083","POINT (-86.7083 36.2805)"
"20200633261","2020-10-05T15:58:00.000","2","0","0",,"true","320585","5","SIDESWIPE - SAME DIRECTION",,,"1","DAYLIGHT","12","MOTOR VEHICLE IN TRANSPORT","HERMITAGE AV & NESTOR ST","NASHVILLE","TN","37210","9005","HERMIT","36.1544","-86.7574","POINT (-86.7574 36.1544)"
"20200633260","2020-10-05T16:16:00.000","2","0","0",,"false","279225","11","Front to Rear",,,"1","DAYLIGHT","12","MOTOR VEHICLE IN TRANSPORT","WOODLAND POINTE DR & BELL RD","NASHVILLE","TN","37214","8943","HERMIT","36.1227","-86.6305","POINT (-86.6305 36.1227)"
"20200633238","2020-10-05T16:28:00.000","2","0","0",,"true","393350","11","Front to Rear",,,"1","DAYLIGHT","12","MOTOR VEHICLE IN TRANSPORT","ANDREW JACKSON PKWY & TYLER DR","HERMITAGE","TN","37076","9509","HERMIT","36.1974","-86.6086","POINT (-86.6086 36.1974)"
"20200633232","2020-10-05T14:41:00.000","2","0","0",,"false","409181","11","Front to Rear","21","CLEAR","1","DAYLIGHT","12","MOTOR VEHICLE IN TRANSPORT","THE GALLERY AT RIVERGATE PVTDR & GALLATI","MADISON","TN","37115","1731","MADISO","36.3016","-86.6934","POINT (-86.6934 36.3016)"
"20200633207","2020-10-05T14:32:00.000","2","1","0",,"false","409181","4","ANGLE","21","CLEAR","1","DAYLIGHT","12","MOTOR VEHICLE IN TRANSPORT","THE GALLERY AT RIVERGATE PVTDR & GALLATI","MADISON","TN","37115","1731","MADISO","36.3016","-86.6934","POINT (-86.6934 36.3016)"
"20200633185","2020-10-05T16:04:00.000","2","0","0",,"false","298877","11","Front to Rear",,,"1","DAYLIGHT","12","MOTOR VEHICLE IN TRANSPORT","MM 77 9 I 65","NASHVILLE","TN","37204","8502","MIDTOW","36.0832","-86.7636","POINT (-86.7636 36.0832)"
"20200633181","2020-10-05T16:00:00.000","1","1","0",,"false","330414","0","NOT COLLISION W/MOTOR VEHICLE-TRANSPORT","21","CLEAR","1","DAYLIGHT","30","UTILITY POLE","US HWY 70 & CAULEY ST","NASHVILLE","TN","37210","9005","HERMIT","36.1537","-86.7481","POINT (-86.7481 36.1537)"
"20200633169","2020-10-05T16:00:00.000","2","0","0",,"true","409192","11","Front to Rear","21","CLEAR","1","DAYLIGHT","12","MOTOR VEHICLE IN TRANSPORT","BRILEY PKWY N ENT RAMP & I40 E EXT RAMP","NASHVILLE","TN","37209","45064","WEST","36.1549","-86.8573","POINT (-86.8573 36.1549)"
"20200633168","2020-10-05T15:50:00.000","2","1","0",,"false","330425","4","ANGLE",,,"1","DAYLIGHT","12","MOTOR VEHICLE IN TRANSPORT","LEBANON PKE & PARK DR","NASHVILLE","TN","37214","9307","HERMIT","36.1697","-86.677","POINT (-86.677 36.1697)"
"20200633152","2020-10-05T13:01:00.000","1","0","0","true","true","197070","0","NOT COLLISION W/MOTOR VEHICLE-TRANSPORT",,,"1","DAYLIGHT","40","MAIL BOX","GRAYS POINT RD & CRAFT RD","JOELTON","TN","37080","3319","NORTH","36.2895","-86.8969","POINT (-86.8969 36.2895)"
"20200633113","2020-10-05T15:28:00.000","3","0","0",,"false","184158","4","ANGLE",,,"1","DAYLIGHT","12","MOTOR VEHICLE IN TRANSPORT","MAIN ST & SPRING ST","NASHVILLE","TN","37206","1113","EAST","36.1728","-86.7653","POINT (-86.7653 36.1728)"
"20200633104","2020-10-05T15:26:00.000","3","0","0",,"false","197054","11","Front to Rear",,,"1","DAYLIGHT","12","MOTOR VEHICLE IN TRANSPORT","BRILEY PKWY & GLASTONBURY RD","NASHVILLE","TN","37217","88940","HERMIT","36.1373","-86.6997","POINT (-86.6997 36.1373)"
"20200633033","2020-10-05T14:47:00.000","2","0","0",,"false","256386","4","ANGLE",,,"1","DAYLIGHT","12","MOTOR VEHICLE IN TRANSPORT","FRANKLIN PKE & FARRELL RD","NASHVILLE","TN","37220","7109","MIDTOW","36.0707","-86.7741","POINT (-86.7741 36.0707)"
"20200633013","2020-10-05T00:00:00.000","2","0","0",,"false","197056","11","Front to Rear",,,"1","DAYLIGHT","12","MOTOR VEHICLE IN TRANSPORT","MURFREESBORO PKE & UNA ANTIOCH PKE","NASHVILLE","TN","37217","8937","HERMIT","36.0854","-86.6479","POINT (-86.6479 36.0854)"
"20200633001","2020-10-05T14:31:00.000","2","0","0",,"false","409207","11","Front to Rear",,,"1","DAYLIGHT","12","MOTOR VEHICLE IN TRANSPORT","GALLATIN PKES & NEELYS BEND RD","MADISON","TN","37115","1605","MADISO","36.2566","-86.7142","POINT (-86.7142 36.2566)"
"20200632945","2020-10-05T14:06:00.000","2","1","0",,"false","402675","11","Front to Rear",,,"1","DAYLIGHT","12","MOTOR VEHICLE IN TRANSPORT","MM 48 9 I 24","NASHVILLE","TN","37213","1104","CENTRA","36.1676","-86.7656","POINT (-86.7656 36.1676)"
"20200632898","2020-10-05T13:35:00.000","2","1","0",,"false","375570","4","ANGLE",,,"1","DAYLIGHT","12","MOTOR VEHICLE IN TRANSPORT","GALLATIN PKES & LAKEWOOD DR","MADISON","TN","37115","1517","MADISO","36.2434","-86.7229","POINT (-86.7229 36.2434)"
"20200632892","2020-10-05T12:59:00.000","2","2","0",,"false","256395","5","SIDESWIPE - SAME DIRECTION",,,"1","DAYLIGHT","12","MOTOR VEHICLE IN TRANSPORT","I65 N ENT RAMP & I 65","NASHVILLE","TN","37207","1829","EAST","36.209","-86.7759","POINT (-86.7759 36.209)"
"20200632888","2020-10-05T12:56:00.000","2","2","0",,"false","405418","4","ANGLE",,,"1","DAYLIGHT","12","MOTOR VEHICLE IN TRANSPORT","22ND AVN & MURPHY AV","NASHVILLE","TN","37203","5607","MIDTOW","36.1548","-86.806","POINT (-86.806 36.1548)"
"20200632882","2020-10-05T13:10:00.000","2","0","0",,"true","402653","11","Front to Rear","21","CLEAR","1","DAYLIGHT","12","MOTOR VEHICLE IN TRANSPORT","ROSA L PARKS BLVD & JAMES ROBERTSON PKWY","NASHVILLE","TN","37219","4203","CENTRA","36.1667","-86.7874","POINT (-86.7874 36.1667)"
"20200632790","2020-10-05T12:28:00.000","2","2","0",,"false","140804","4","ANGLE","21","CLEAR","1","DAYLIGHT","12","MOTOR VEHICLE IN TRANSPORT","DICKERSON PKE & MERIDIAN ST","NASHVILLE","TN","37207","1979","EAST","36.1783","-86.7722","POINT (-86.7722 36.1783)"
"20200632765","2020-10-05T12:17:00.000","1","1","0","true","false","352197","0","NOT COLLISION W/MOTOR VEHICLE-TRANSPORT",,,"1","DAYLIGHT","43","OTHER FIXED OBJECTS","NORTHSIDE FESTIVAL PVTDR & GALLATIN PKEN","MADISON","TN","37115","1731","MADISO","36.3041","-86.6883","POINT (-86.6883 36.3041)"
"20200632760","2020-10-05T11:45:00.000","2","0","0",,"false","384394","11","Front to Rear","21","CLEAR","1","DAYLIGHT","12","MOTOR VEHICLE IN TRANSPORT","MM 35 0 I 24","JOELTON","TN","37080","3318","NORTH","36.3239","-86.867","POINT (-86.867 36.3239)"
"20200632750","2020-10-05T11:57:00.000","2","0","0",,"false","462474","11","Front to Rear",,,"1","DAYLIGHT","12","MOTOR VEHICLE IN TRANSPORT","STEWART PL & WEDGEWOOD AV","NASHVILLE","TN","37203","8015","MIDTOW","36.1343","-86.7715","POINT (-86.7715 36.1343)"
"20200632680","2020-10-05T11:23:00.000","2","0","0",,"false","262757","98","OTHER","21","CLEAR","1","DAYLIGHT","12","MOTOR VEHICLE IN TRANSPORT","MM 204 2 I 40","NASHVILLE","TN","37209","45023","WEST","36.1532","-86.8539","POINT (-86.8539 36.1532)"
"20200632646","2020-10-05T10:53:00.000","2","1","0",,"false","462474","5","SIDESWIPE - SAME DIRECTION",,,"1","DAYLIGHT","12","MOTOR VEHICLE IN TRANSPORT","NOLENSVILLE PKE & THOMPSON LN","NASHVILLE","TN","37211","8425","SOUTH","36.1109","-86.7452","POINT (-86.7452 36.1109)"
"20200632630","2020-10-05T10:48:00.000","3","0","0",,"false","4000823","4","ANGLE",,,"1","DAYLIGHT","12;13","MOTOR VEHICLE IN TRANSPORT;MOTOR VEHICLE IN TRANSPORT-OTHER ROADWAY","FRANKLIN PKE & 8TH AVS","NASHVILLE","TN","37204","6929","MIDTOW","36.1286","-86.7779","POINT (-86.7779 36.1286)"
"20200632628","2020-10-05T10:40:00.000","2","2","0",,"false","693093","2","HEAD-ON","21","CLEAR","1","DAYLIGHT","12","MOTOR VEHICLE IN TRANSPORT","DICKERSON PKE & WESTCHESTER DR","MADISON","TN","37115","2019","MADISO","36.2622","-86.7574","POINT (-86.7574 36.2622)"
"20200632611","2020-10-05T10:35:00.000","2","2","0",,"false","665896","2","HEAD-ON","21","CLEAR","1","DAYLIGHT","12","MOTOR VEHICLE IN TRANSPORT","BRILEY PKWYE & BRILEY PKWYW","NASHVILLE","TN","37207","20120","MADISO","36.2396","-86.7751","POINT (-86.7751 36.2396)"
"20200632559","2020-10-05T10:00:00.000","2","2","0",,"false","109530","11","Front to Rear","21","CLEAR","1","DAYLIGHT","12","MOTOR VEHICLE IN TRANSPORT","OLD HICKORY BLVDW & HERITAGE DR","MADISON","TN","37115","1749","MADISO","36.2641","-86.7242","POINT (-86.7242 36.2641)"
"20200632552","2020-10-05T09:49:00.000","1","0","0","true","false","594473","0","NOT COLLISION W/MOTOR VEHICLE-TRANSPORT","22","CLOUDY","1","DAYLIGHT","19","BUILDING","47TH AVN & CHARLOTTE AV","NASHVILLE","TN","37209","5127","WEST","36.1526","-86.8438","POINT (-86.8438 36.1526)"
"20200632549","2020-10-05T09:45:00.000","2","2","0",,"false","224895","11","Front to Rear","21","CLEAR","1","DAYLIGHT","12","MOTOR VEHICLE IN TRANSPORT","MM 199 8 I 40","NASHVILLE","TN","37205","4902","WEST","36.1175","-86.9145","POINT (-86.9145 36.1175)"