"accident_number","date_and_time","number_of_motor_vehicles","number_of_injuries","number_of_fatalities","property_damage","hit_and_run","reporting_officer","collision_type","collision_type_description","weather","weather_description","illuaccidemination","illumination_description","harmfulcodes","harmfuldescriptions","street_address","city","state","zip","rpa","precinct","lat","long","mapped_location"
"20200625755","2020-10-01T14:40:00.000","2","2","0",,"false","384403","4","ANGLE",,,"1","DAYLIGHT","12","MOTOR VEHICLE IN TRANSPORT","MURFREESBORO PKE & MCGAVOCK PKE","NASHVILLE","TN","37217","8841","SOUTH","36.1129","-86.689","POINT (-86.689 36.1129)"
"20200625732","2020-10-01T14:06:00.000","2","0","0",,"false","225886","11","Front to Rear",,,"1","DAYLIGHT","12","MOTOR VEHICLE IN TRANSPORT","LEBANON PKE & ANDREW JACKSON PKWY","HERMITAGE","TN","37076","9537","HERMIT","36.2151","-86.5962","POINT (-86.5962 36.2151)"
"20200625669","2020-10-01T13:30:00.000","2","0","0",,"false","714641","4","ANGLE","21","CLEAR","1","DAYLIGHT","12","MOTOR VEHICLE IN TRANSPORT","CHARLOTTE PKE & OCEOLA AV","NASHVILLE","TN","37209","5025","WEST","36.1495","-86.8605","POINT (-86.8605 36.1495)"
"20200625651","2020-10-01T13:17:00.000","1","2","0",,"false","409184","0","NOT COLLISION W/MOTOR VEHICLE-TRANSPORT","21","CLEAR","1","DAYLIGHT","29","LUMINAIRE/LIGHT SUPPORT","MM 1 0 LEBANON PIKE","HERMITAGE","TN","37076","9715","HERMIT","36.2161","-86.5986","POINT (-86.5986 36.2161)"
"20200625635","2020-10-01T12:55:00.000","2","0","0",,"false","4001449","11","Front to Rear","21","CLEAR","1","DAYLIGHT","12","MOTOR VEHICLE IN TRANSPORT","LAVERGNE COUCHVILLE PKE & MURFREESBORO P","ANTIOCH","TN","37013","8967","SOUTH","36.0288","-86.5901","POINT (-86.5901 36.0288)"
"20200625614","2020-10-01T13:00:00.000","3","1","0",,"false","665896","11","Front to Rear","21","CLEAR","1","DAYLIGHT","12","MOTOR VEHICLE IN TRANSPORT","GALLATIN AV & STRATTON AV","NASHVILLE","TN","37206","1243","EAST","36.1824","-86.749","POINT (-86.749 36.1824)"
"20200625611","2020-10-01T12:55:00.000","3","1","0",,"false","137872","4","ANGLE","21","CLEAR","1","DAYLIGHT","12","MOTOR VEHICLE IN TRANSPORT","LEBANON PKE & SHUTE LN","HERMITAGE","TN","37076","9535","HERMIT","36.2146","-86.6047","POINT (-86.6047 36.2146)"
"20200625605","2020-10-01T12:31:00.000","2","0","0",,"false","476332","4","ANGLE","21","CLEAR","1","DAYLIGHT","12","MOTOR VEHICLE IN TRANSPORT","CENTRAL PKE & OLD HICKORY BLVD","HERMITAGE","TN","37076","9557","HERMIT","36.1736","-86.6021","POINT (-86.6021 36.1736)"
"20200625563","2020-10-01T12:21:00.000","1","0","0",,"false","352197","0","NOT COLLISION W/MOTOR VEHICLE-TRANSPORT","21","CLEAR","1","DAYLIGHT","18","OTHER OBJECT (NOT FIXED)","MM 93 4 I 65","MADISON","TN","37115","17041","MADISO","36.2806","-86.7329","POINT (-86.7329 36.2806)"
"20200625499","2020-10-01T12:03:00.000","2","2","0",,"true","414731","4","ANGLE","21","CLEAR","1","DAYLIGHT","12","MOTOR VEHICLE IN TRANSPORT","BOWWOOD CT & VULTEE BLVD","NASHVILLE","TN","37217","8811","SOUTH","36.1255","-86.71","POINT (-86.71 36.1255)"
"20200625455","2020-10-01T11:30:00.000","2","0","0",,"false","462474","5","SIDESWIPE - SAME DIRECTION",,,"1","DAYLIGHT","12","MOTOR VEHICLE IN TRANSPORT","CHARLOTTE AV & 25TH AVN","NASHVILLE","TN","37203","5619","MIDTOW","36.1553","-86.8121","POINT (-86.8121 36.1553)"
"20200625370","2020-10-01T10:38:00.000","4","1","0",,"false","226622","4","ANGLE","21","CLEAR","1","DAYLIGHT","12;64","MOTOR VEHICLE IN TRANSPORT;Ran Off Road-Left","CHARLOTTE PKE PVTDR & RIVER RD PVTDR","NASHVILLE","TN","37209","4703","WEST","36.1301","-86.9058","POINT (-86.9058 36.1301)"
"20200625283","2020-10-01T09:35:00.000","2","1","0",,"false","665896","4","ANGLE","21","CLEAR","1","DAYLIGHT","12","MOTOR VEHICLE IN TRANSPORT","MAIN ST & MCFERRIN AV","NASHVILLE","TN","37206","1131","EAST","36.1763","-86.7564","POINT (-86.7564 36.1763)"
"20200625256","2020-10-01T09:20:00.000","3","0","0","true","false","420035","5","SIDESWIPE - SAME DIRECTION",,,"1","DAYLIGHT","12","MOTOR VEHICLE IN TRANSPORT","STATE RT 45 & OLD HICKORY BLVD","OLD HICKORY","TN","37138","9701","HERMIT","36.2634","-86.6755","POINT (-86.6755 36.2634)"
"20200625223","2020-10-01T09:00:00.000","2","0","0",,"false","420040","4","ANGLE",,,"1","DAYLIGHT","12","MOTOR VEHICLE IN TRANSPORT","14TH AVS & DEMONBREUN ST","NASHVILLE","TN","37203","6721","MIDTOW","36.1536","-86.7884","POINT (-86.7884 36.1536)"
"20200625201","2020-10-01T08:28:00.000","2","0","0",,"false","462474","11","Front to Rear",,,"1","DAYLIGHT","12","MOTOR VEHICLE IN TRANSPORT","HOGAN RD & TROUSDALE DR","NASHVILLE","TN","37220","8615","MIDTOW","36.0652","-86.7592","POINT (-86.7592 36.0652)"
"20200625161","2020-10-01T08:23:00.000","2","2","0",,"false","462474","5","SIDESWIPE - SAME DIRECTION",,,"1","DAYLIGHT","12","MOTOR VEHICLE IN TRANSPORT","BURTON HILLS BLVD & SEVEN HILLS BLVD","NASHVILLE","TN","37215","6403","MIDTOW","36.0939","-86.8211","POINT (-86.8211 36.0939)"
"20200625158","2020-10-01T08:14:00.000","2","0","0",,"false","212318","4","ANGLE",,,"1","DAYLIGHT","12","MOTOR VEHICLE IN TRANSPORT","PORTLAND AV & MAGNOLIA BLVD","NASHVILLE","TN","37212","6607","MIDTOW","36.1332","-86.8013","POINT (-86.8013 36.1332)"
"20200625150","2020-10-01T08:34:00.000","2","0","0",,"false","352197","11","Front to Rear","21","CLEAR","1","DAYLIGHT","12","MOTOR VEHICLE IN TRANSPORT","OLD HICKORY BLVD & DALEMERE DR","NASHVILLE","TN","37207","2025","MADISO","36.2783","-86.7722","POINT (-86.7722 36.2783)"
"20200625146","2020-10-01T07:48:00.000","2","0","0",,"false","352211","11","Front to Rear","21","CLEAR","1","DAYLIGHT","12","MOTOR VEHICLE IN TRANSPORT","MM 211 9 I 40","NASHVILLE","TN","37210","90022","HERMIT","36.1487","-86.7459","POINT (-86.7459 36.1487)"
"20200625069","2020-10-01T07:15:00.000","2","0","0",,"false","462474","4","ANGLE",,,"1","DAYLIGHT","12","MOTOR VEHICLE IN TRANSPORT","OLD HICKORY BLVD & GRANNY WHITE PKE","NASHVILLE","TN","37220","7111","MIDTOW","36.04","-86.8156","POINT (-86.8156 36.04)"
"20200625061","2020-10-01T06:47:00.000","2","0","0",,"false","384403","11","Front to Rear",,,"1","DAYLIGHT","12","MOTOR VEHICLE IN TRANSPORT","BELL RD & HICKORY HOLLOW TER","ANTIOCH","TN","37013","8865","SOUTH","36.3008","-86.6948","POINT (-86.6948 36.3008)"
"20200625037","2020-10-01T06:30:00.000","2","0","0",,"false","676834","4","ANGLE","21","CLEAR","3","DARK - LIGHTED","12","MOTOR VEHICLE IN TRANSPORT","STATE HWY 12 & OLD HICKORY BLVD","NASHVILLE","TN","37218","3235","NORTH","36.2115","-86.9208","POINT (-86.9208 36.2115)"
"20200625018","2020-10-01T06:18:00.000","2","2","0",,"false","240952","5","SIDESWIPE - SAME DIRECTION",,,"4","DAWN","12","MOTOR VEHICLE IN TRANSPORT","MM 212 7 I 40","NASHVILLE","TN","37210","82060","HERMIT","36.143","-86.737","POINT (-86.737 36.143)"
"20200625006","2020-10-01T05:57:00.000","2","0","0",,"false","415780","6","SIDESWIPE - OPPOSITE DIRECTION",,,"3","DARK - LIGHTED","1;12","MOTOR VEHICLE IN TRANSPORT","HOBSON & PIN HOOK","ANTIOCH","TN","37013","8905","SOUTH","36.0495","-86.5999","POINT (-86.5999 36.0495)"
"20200625003","2020-10-01T00:00:00.000","2","0","0",,"false","409234","4","ANGLE","21","CLEAR","3","DARK - LIGHTED","12","MOTOR VEHICLE IN TRANSPORT","OLD HICKORY BLVDW & GIBSON DR","MADISON","TN","37115","1773","MADISO","36.2637","-86.7182","POINT (-86.7182 36.2637)"
"20200624822","2020-10-01T03:02:00.000","2","0","0",,"false","468098","5","SIDESWIPE - SAME DIRECTION",,,"3","DARK - LIGHTED","12","MOTOR VEHICLE IN TRANSPORT","MURFREESBORO PKE & RANSOM PL","NASHVILLE","TN","37217","8853","SOUTH","36.0892","-86.6501","POINT (-86.6501 36.0892)"
"20200624781","2020-10-01T00:00:00.000","2","0","0",,"true","279216","4","ANGLE","21","CLEAR","3","DARK - LIGHTED","12;14","MOTOR VEHICLE IN TRANSPORT;PARKED MOTOR VEHICLE","FRANCES ST & WHITES CREEK PKE","NASHVILLE","TN","37207","3033","NORTH","36.2138","-86.8","POINT (-86.8 36.2138)"
"20200624693","2020-10-01T01:30:00.000","2","0","0",,"false","279216","4","ANGLE","21","CLEAR","3","DARK - LIGHTED","12","MOTOR VEHICLE IN TRANSPORT","W TRINITY LN & BRICK CHURCH PKE","NASHVILLE","TN","37207","3003","NORTH","36.2066","-86.7779","POINT (-86.7779 36.2066)"
"20200624616","2020-10-01T00:31:00.000","1","1","0",,"false","299248","0","NOT COLLISION W/MOTOR VEHICLE-TRANSPORT","21","CLEAR","2","DARK - NOT LIGHTED","42","TREE","LINBAR DR & LUNA DR","NASHVILLE","TN","37211","8707","SOUTH","36.0805","-86.6979","POINT (-86.6979 36.0805)"
"20200624549","2020-09-30T22:38:00.000","2","0","0",,"true","409227","4","ANGLE",,,,,"12","MOTOR VEHICLE IN TRANSPORT","EDMONDSON PKE & WALLACE RD","NASHVILLE","TN","37211","8661","MIDTOW","36.0771","-86.7256","POINT (-86.7256 36.0771)"
"20200624497","2020-09-30T22:30:00.000","1","1","0",,"false","146772","0","NOT COLLISION W/MOTOR VEHICLE-TRANSPORT",,,"3","DARK - LIGHTED","36","CONCRETE TRAFFIC BARRIER","MM 92 8 I 65","MADISON","TN","37115","17062","MADISO","36.2724","-86.7362","POINT (-86.7362 36.2724)"
"20200624482","2020-09-30T00:00:00.000","1","0","0","true","false","240952","0","NOT COLLISION W/MOTOR VEHICLE-TRANSPORT",,,"3","DARK - LIGHTED","36","CONCRETE TRAFFIC BARRIER","I40 E ENT RAMP & I 40","NASHVILLE","TN","37205","4903","WEST","36.1109","-86.922","POINT (-86.922 36.1109)"
"20200624481","2020-09-30T22:30:00.000","3","0","0",,"false","191786","0","NOT COLLISION W/MOTOR VEHICLE-TRANSPORT","21","CLEAR","3","DARK - LIGHTED","16;99","THROWN OR FALLING OBJECT;UNKNOWN MOST HARMFUL EVENT","MM 85 2 I 65","NASHVILLE","TN","37208","4404","NORTH","36.1833","-86.7989","POINT (-86.7989 36.1833)"
"20200624474","2020-09-30T22:20:00.000","2","0","0",,"true","279211","4","ANGLE",,,"3","DARK - LIGHTED","14","PARKED MOTOR VEHICLE","SKYLINE COMMONS PVTDR & DOVERSIDE DR","NASHVILLE","TN","37207","2011","MADISO","36.2442","-86.7622","POINT (-86.7622 36.2442)"
"20200624468","2020-09-30T22:15:00.000","2","1","0",,"true","579971","4","ANGLE",,,"3","DARK - LIGHTED","12","MOTOR VEHICLE IN TRANSPORT","RURAL HILL RD & TOOK LN","ANTIOCH","TN","37013","8861","SOUTH","36.0586","-86.6454","POINT (-86.6454 36.0586)"
"20200624449","2020-09-30T21:59:00.000","1","1","0","true","false","4001094","0","NOT COLLISION W/MOTOR VEHICLE-TRANSPORT","21","CLEAR","2","DARK - NOT LIGHTED","42","TREE","POND CREEK RD & NATIER DR","NASHVILLE","TN","37209","4707","WEST","36.1292","-86.9979","POINT (-86.9979 36.1292)"
"20200624428","2020-09-30T21:40:00.000","2","0","0",,"false","384436","5","SIDESWIPE - SAME DIRECTION",,,"3","DARK - LIGHTED","12","MOTOR VEHICLE IN TRANSPORT","BELL RD & CANE RIDGE RD","ANTIOCH","TN","37013","8751","SOUTH","36.0447","-86.6615","POINT (-86.6615 36.0447)"
"20200624402","2020-09-30T21:19:00.000","2","0","0",,"false","200016","4","ANGLE","21","CLEAR","2","DARK - NOT LIGHTED","12","MOTOR VEHICLE IN TRANSPORT","I24 E ENT RAMP & I 24","NASHVILLE","TN","37213","1007","CENTRA","36.1662","-86.7659","POINT (-86.7659 36.1662)"
"20200624374","2020-09-30T00:00:00.000","1","0","0",,"true","4001446","0","NOT COLLISION W/MOTOR VEHICLE-TRANSPORT","21","CLEAR","3","DARK - LIGHTED","33","CURB","24TH AVE S & BARTON AVE","NASHVILLE","TN","37212","5903","MIDTOW","36.1331","-86.8057","POINT (-86.8057 36.1331)"
"20200624353","2020-09-30T20:41:00.000","2","0","0",,"true","311333","11","Front to Rear","21","CLEAR","3","DARK - LIGHTED","12","MOTOR VEHICLE IN TRANSPORT","BUCHANAN ST & OWEN ST","NASHVILLE","TN","37208","4451","NORTH","36.1804","-86.8038","POINT (-86.8038 36.1804)"
"20200624316","2020-09-30T20:00:00.000","2","0","0",,"false","4001082","4","ANGLE",,,"3","DARK - LIGHTED","12","MOTOR VEHICLE IN TRANSPORT","WHITE BRIDGE PKE & BURGESS AV","NASHVILLE","TN","37209","5025","WEST","36.1446","-86.8579","POINT (-86.8579 36.1446)"
"20200624314","2020-09-30T20:02:00.000","2","0","0",,"false","429193","4","ANGLE","21","CLEAR","2","DARK - NOT LIGHTED","12","MOTOR VEHICLE IN TRANSPORT","RIVER RD & RIVER RD PVT DR","NASHVILLE","TN","37209","4701","WEST","36.1312","-86.9198","POINT (-86.9198 36.1312)"
"20200624252","2020-09-30T19:43:00.000","2","0","0",,"false","200016","11","Front to Rear","21","CLEAR","1","DAYLIGHT","12","MOTOR VEHICLE IN TRANSPORT","BELL RD & RICE RD","ANTIOCH","TN","37013","8865","SOUTH","36.0731","-86.6358","POINT (-86.6358 36.0731)"
"20200624234","2020-09-30T19:27:00.000","1","2","0",,"false","320603","0","NOT COLLISION W/MOTOR VEHICLE-TRANSPORT","21","CLEAR","3","DARK - LIGHTED","36","CONCRETE TRAFFIC BARRIER","BRILEY PKWY N EXT RAMP & BRILEY PKWYN","NASHVILLE","TN","37214","9223","HERMIT","36.1966","-86.6876","POINT (-86.6876 36.1966)"
"20200624229","2020-09-30T18:35:00.000","2","0","0",,"false","240952","11","Front to Rear","21","CLEAR","1","DAYLIGHT","12","MOTOR VEHICLE IN TRANSPORT","OLD HICKORY BLVD & BRENTWOOD COMMONS WAY","BRENTWOOD","TN","37027","8623","MIDTOW","36.0412","-86.7766","POINT (-86.7766 36.0412)"
"20200624198","2020-09-30T16:45:00.000","2","0","0",,"true","4001094","11","Front to Rear",,,"1","DAYLIGHT","12","MOTOR VEHICLE IN TRANSPORT","MM 201 6 I 40","NASHVILLE","TN","37209","50023","WEST","36.1358","-86.893","POINT (-86.893 36.1358)"
"20200624193","2020-09-30T18:57:00.000","1","1","0",,"false","690942","0","NOT COLLISION W/MOTOR VEHICLE-TRANSPORT","21","CLEAR","3","DARK - LIGHTED","15","OTHER TYPE NON-MOTORIST","4TH AVS & KOREAN VETERANS BLVD","NASHVILLE","TN","37201","4047","CENTRA","36.1569","-86.7745","POINT (-86.7745 36.1569)"
"20200624185","2020-09-30T17:37:00.000","2","1","0",,"false","419972","11","Front to Rear","21","CLEAR","1","DAYLIGHT","12","MOTOR VEHICLE IN TRANSPORT","WHITE BRIDGE PKE & LENOX AV","NASHVILLE","TN","37209","5103","WEST","36.1493","-86.8579","POINT (-86.8579 36.1493)"
"20200624130","2020-09-30T17:47:00.000","2","0","0",,"false","330428","4","ANGLE","21","CLEAR","1","DAYLIGHT","12","MOTOR VEHICLE IN TRANSPORT","METROPLEX DR & HARDING PL","NASHVILLE","TN","37211","8845","SOUTH","36.0873","-86.6959","POINT (-86.6959 36.0873)"
"20200624128","2020-09-30T18:00:00.000","2","0","0",,"false","887603","4","ANGLE",,,"1","DAYLIGHT","12","MOTOR VEHICLE IN TRANSPORT","HANCOCK ST & MERIDIAN ST","NASHVILLE","TN","37207","1965","EAST","36.1838","-86.7685","POINT (-86.7685 36.1838)"
"20200624126","2020-09-30T18:00:00.000","2","0","0",,"true","352153","4","ANGLE",,,"1","DAYLIGHT","12","MOTOR VEHICLE IN TRANSPORT","MARLIN PASS & JOE PYRON DR","MADISON","TN","37115","1617","MADISO","36.2384","-86.6714","POINT (-86.6714 36.2384)"
"20200624124","2020-09-30T17:06:00.000","2","0","0",,"false","320603","4","ANGLE","21","CLEAR","1","DAYLIGHT","12","MOTOR VEHICLE IN TRANSPORT","ANTIOCH PKE & RICHARDS RD","ANTIOCH","TN","37013","8899","SOUTH","36.0692","-86.6838","POINT (-86.6838 36.0692)"
"20200624109","2020-09-30T17:50:00.000","2","1","0",,"false","330428","11","Front to Rear",,,"1","DAYLIGHT","12","MOTOR VEHICLE IN TRANSPORT","MURFREESBORO PKE & HARDING PL","NASHVILLE","TN","37217","8947","HERMIT","36.0982","-86.6587","POINT (-86.6587 36.0982)"
"20200624068","2020-09-30T17:27:00.000","2","0","0",,"false","200016","11","Front to Rear","21","CLEAR","1","DAYLIGHT","12","MOTOR VEHICLE IN TRANSPORT","MM 6 9 I 440","NASHVILLE","TN","37210","81040","SOUTH","36.1245","-86.7391","POINT (-86.7391 36.1245)"
"20200624040","2020-09-30T15:45:00.000","2","0","0",,"true","352186","11","Front to Rear","21","CLEAR","1","DAYLIGHT","12","MOTOR VEHICLE IN TRANSPORT","MM 55 1 I 24","NASHVILLE","TN","37211","8602","SOUTH","36.0928","-86.7055","POINT (-86.7055 36.0928)"
"20200624039","2020-09-30T15:30:00.000","2","0","0",,"false","4001094","11","Front to Rear",,,"1","DAYLIGHT","12","MOTOR VEHICLE IN TRANSPORT","MCCRORY LN & HIGHWAY 70","NASHVILLE","TN","37221","4713","WEST","36.0932","-87.0232","POINT (-87.0232 36.0932)"
"20200624036","2020-09-30T16:58:00.000","2","1","0",,"false","419972","11","Front to Rear","21","CLEAR","1","DAYLIGHT","12","MOTOR VEHICLE IN TRANSPORT","WEST END AV & WHITEHALL","NASHVILLE","TN","37205","6009","WEST","36.1333","-86.8288","POINT (-86.8288 36.1333)"
"20200624001","2020-09-30T16:45:00.000","2","0","0",,"false","4001082","5","SIDESWIPE - SAME DIRECTION",,,"1","DAYLIGHT","12","MOTOR VEHICLE IN TRANSPORT","CHARLOTTE PKE & EASTBORO DR","NASHVILLE","TN","37209","5027","WEST","36.1482","-86.8674","POINT (-86.8674 36.1482)"
"20200623990","2020-09-30T16:20:00.000","2","0","0",,"false","179606","11","Front to Rear",,,"1","DAYLIGHT","12","MOTOR VEHICLE IN TRANSPORT","GLEN ECHO RD & BELMONT BLVD","NASHVILLE","TN","37215","6411","MIDTOW","36.1074","-86.8014","POINT (-86.8014 36.1074)"
"20200623957","2020-09-30T16:30:00.000","2","0","0",,"false","352153","4","ANGLE",,,"1","DAYLIGHT","12","MOTOR VEHICLE IN TRANSPORT","GALLATIN PKES & E OLD HICKORY BLVD","MADISON","TN","37115","1771","MADISO","36.2622","-86.7122","POINT (-86.7122 36.2622)"
"20200623956","2020-09-30T15:06:00.000","2","0","0",,"false","200016","4","ANGLE","21","CLEAR","1","DAYLIGHT","12","MOTOR VEHICLE IN TRANSPORT","MURFREESBORO PKE & FOREST VIEW DR","ANTIOCH","TN","37013","8865","SOUTH","36.0674","-86.6313","POINT (-86.6313 36.0674)"
"20200623952","2020-09-30T16:15:00.000","2","0","0",,"false","279213","5","SIDESWIPE - SAME DIRECTION","21","CLEAR","1","DAYLIGHT","12","MOTOR VEHICLE IN TRANSPORT","18TH AVE S & US HWY 431","NASHVILLE","TN","37203","5705","MIDTOW","36.1521","-86.7953","POINT (-86.7953 36.1521)"
"20200623927","2020-09-30T16:16:00.000","2","1","0",,"false","320585","4","ANGLE",,,"1","DAYLIGHT","12","MOTOR VEHICLE IN TRANSPORT","OLD HICKORY BLVD & FRIST BLVD","HERMITAGE","TN","37076","9561","HERMIT","36.1776","-86.6059","POINT (-86.6059 36.1776)"
"20200623889","2020-09-30T15:56:00.000","2","0","0",,"false","4001141","5","SIDESWIPE - SAME DIRECTION",,,"1","DAYLIGHT","12","MOTOR VEHICLE IN TRANSPORT","HARDING PL & MILNER DR","NASHVILLE","TN","37211","8609","MIDTOW","36.0781","-86.7307","POINT (-86.7307 36.0781)"
"20200623854","2020-09-30T15:35:00.000","3","0","0",,"false","384397","11","Front to Rear","21","CLEAR","1","DAYLIGHT","12","MOTOR VEHICLE IN TRANSPORT","MM 59 3 I 24","ANTIOCH","TN","37013","87061","SOUTH","36.0459","-86.6601","POINT (-86.6601 36.0459)"
"20200623851","2020-09-30T00:00:00.000","2","0","0",,"false","320591","4","ANGLE","21","CLEAR","1","DAYLIGHT","12","MOTOR VEHICLE IN TRANSPORT","MURFREESBORO PKE & MOUNTAIN SPRINGS RD","ANTIOCH","TN","37013","8927","SOUTH","36.0478","-86.6121","POINT (-86.6121 36.0478)"
"20200623850","2020-09-30T15:26:00.000","6","0","0","true","false","320603","11","Front to Rear","21","CLEAR","1","DAYLIGHT","12","MOTOR VEHICLE IN TRANSPORT","MM 59 4 I 24","ANTIOCH","TN","37013","8808","SOUTH","36.0454","-86.659","POINT (-86.659 36.0454)"
"20200623829","2020-09-30T15:10:00.000","2","1","0",,"true","330411","5","SIDESWIPE - SAME DIRECTION","21","CLEAR","1","DAYLIGHT","12","MOTOR VEHICLE IN TRANSPORT","2ND AVS & OLD RADNOR CAR LINE","NASHVILLE","TN","37210","8139","SOUTH","36.1409","-86.7616","POINT (-86.7616 36.1409)"
"20200623758","2020-09-30T14:00:00.000","1","0","0","true","true","4001094","0","NOT COLLISION W/MOTOR VEHICLE-TRANSPORT",,,"1","DAYLIGHT","34;40","DITCH;MAIL BOX","HIGHWAY 96 & LITTLE EAST FORK RD","NASHVILLE","TN","37221","4805","WEST","35.9994","-87.0192","POINT (-87.0192 35.9994)"
"20200623755","2020-09-30T14:47:00.000","2","0","0",,"true","390077","5","SIDESWIPE - SAME DIRECTION",,,"1","DAYLIGHT","12","MOTOR VEHICLE IN TRANSPORT","MM 48 7 I 24","NASHVILLE","TN","37213","1104","CENTRA","36.1696","-86.7668","POINT (-86.7668 36.1696)"
"20200623749","2020-09-30T14:09:00.000","2","0","0",,"false","298867","5","SIDESWIPE - SAME DIRECTION","21","CLEAR","1","DAYLIGHT","12","MOTOR VEHICLE IN TRANSPORT","MM 89 7 I 65","NASHVILLE","TN","37207","2002","MADISO","36.2365","-86.7618","POINT (-86.7618 36.2365)"
"20200623704","2020-09-30T14:13:00.000","3","1","0",,"false","420059","11","Front to Rear",,,"1","DAYLIGHT","12","MOTOR VEHICLE IN TRANSPORT","NOLENSVILLE PKE & CONCORD RD","NASHVILLE","TN","37211","8651","MIDTOW","36.0042","-86.6916","POINT (-86.6916 36.0042)"
"20200623667","2020-09-30T13:16:00.000","2","0","0",,"true","4001449","11","Front to Rear","21","CLEAR","1","DAYLIGHT","12","MOTOR VEHICLE IN TRANSPORT","BELL RD & CANE RIDGE RD","ANTIOCH","TN","37013","8751","SOUTH","36.0447","-86.6615","POINT (-86.6615 36.0447)"
"20200623628","2020-09-30T13:25:00.000","1","1","0",,"false","4000888","0","NOT COLLISION W/MOTOR VEHICLE-TRANSPORT","21","CLEAR","1","DAYLIGHT","20;36","IMPACT ATTENUATOR;CONCRETE TRAFFIC BARRIER","I40 W EXT RAMP & DEMONBREUN ST","NASHVILLE","TN","37203","4015","CENTRA","36.1539","-86.7875","POINT (-86.7875 36.1539)"
"20200623549","2020-09-30T12:37:00.000","2","0","0",,"false","433550","11","Front to Rear",,,"1","DAYLIGHT","12","MOTOR VEHICLE IN TRANSPORT","BRICK CHURCH PKE & AUTUMN RIDGE DR","NASHVILLE","TN","37207","2103","MADISO","36.2837","-86.7852","POINT (-86.7852 36.2837)"
"20200623497","2020-09-30T11:55:00.000","2","1","0",,"false","414731","11","Front to Rear","21","CLEAR","1","DAYLIGHT","12","MOTOR VEHICLE IN TRANSPORT","BLUE HOLE RD & MILL CREEK BLUE HOLE GRNW","ANTIOCH","TN","37013","8859","SOUTH","36.0577","-86.6725","POINT (-86.6725 36.0577)"
"20200623453","2020-09-30T11:43:00.000","2","1","0",,"true","419997","11","Front to Rear","21","CLEAR","1","DAYLIGHT","12","MOTOR VEHICLE IN TRANSPORT","CHARLOTTE AV & 23RD AVN","NASHVILLE","TN","37209","5339","NORTH","36.1558","-86.8097","POINT (-86.8097 36.1558)"
"20200623396","2020-09-30T10:59:00.000","2","1","0",,"false","384403","11","Front to Rear",,,"1","DAYLIGHT","12","MOTOR VEHICLE IN TRANSPORT","NOLENSVILLE PKE & ZOO RD","NASHVILLE","TN","37211","8509","MIDTOW","36.0886","-86.732","POINT (-86.732 36.0886)"
"20200623297","2020-09-30T09:39:00.000","2","0","0",,"false","4001053","16","Rear to Side",,,"1","DAYLIGHT","12","MOTOR VEHICLE IN TRANSPORT","ROSEDALE CT & ROSEDALE AV","NASHVILLE","TN","37207","1873","EAST","36.1951","-86.7583","POINT (-86.7583 36.1951)"
"20200623248","2020-09-30T09:23:00.000","2","1","0",,"false","462474","5","SIDESWIPE - SAME DIRECTION",,,"1","DAYLIGHT","12","MOTOR VEHICLE IN TRANSPORT","MM 77 6 I 65","NASHVILLE","TN","37220","86042","MIDTOW","36.0799","-86.7644","POINT (-86.7644 36.0799)"
"20200623244","2020-09-30T08:07:00.000","2","0","0",,"false","140790","5","SIDESWIPE - SAME DIRECTION",,,"1","DAYLIGHT","12","MOTOR VEHICLE IN TRANSPORT","MM 212 3 I 40","NASHVILLE","TN","37210","8206","HERMIT","36.1447","-86.7399","POINT (-86.7399 36.1447)"
"20200623208","2020-09-30T08:43:00.000","2","0","0",,"false","462474","5","SIDESWIPE - SAME DIRECTION",,,"1","DAYLIGHT","12","MOTOR VEHICLE IN TRANSPORT","NOLENSVILLE PKE & BRENTWOOD EAST DR","ANTIOCH","TN","37013","8757","SOUTH","36.0438","-86.7131","POINT (-86.7131 36.0438)"