"accident_number","date_and_time","number_of_motor_vehicles","number_of_injuries","number_of_fatalities","property_damage","hit_and_run","reporting_officer","collision_type","collision_type_description","weather","weather_description","illuaccidemination","illumination_description","harmfulcodes","harmfuldescriptions","street_address","city","state","zip","rpa","precinct","lat","long","mapped_location"
"20200619191","2020-09-21T09:55:00.000","2","0","0",,"true","812949","0","NOT COLLISION W/MOTOR VEHICLE-TRANSPORT",,,"1","DAYLIGHT","1;12;33","MOTOR VEHICLE IN TRANSPORT;CURB","BROADMOOR DR & DICKERSON PKE","NASHVILLE","TN","37207","1809","EAST","36.2294","-86.7593","POINT (-86.7593 36.2294)"
"20200619128","2020-09-28T12:15:00.000","2","2","0",,"false","420035","4","ANGLE",,,"1","DAYLIGHT","12","MOTOR VEHICLE IN TRANSPORT","GALLATIN PKES & BERKLEY DR","MADISON","TN","37115","1519","MADISO","36.247","-86.721","POINT (-86.721 36.247)"
"20200619100","2020-09-28T12:00:00.000","3","0","0",,"false","212318","4","ANGLE",,,"1","DAYLIGHT","12","MOTOR VEHICLE IN TRANSPORT","BRENTWOOD EAST DR & OLD HICKORY BLVD","NASHVILLE","TN","37211","8651","MIDTOW","36.0452","-86.7148","POINT (-86.7148 36.0452)"
"20200619086","2020-09-28T12:00:00.000","2","2","0",,"false","4001053","11","Front to Rear",,,"1","DAYLIGHT","12","MOTOR VEHICLE IN TRANSPORT","MM 86 5 I 65","NASHVILLE","TN","37207","3006","NORTH","36.1946","-86.7762","POINT (-86.7762 36.1946)"
"20200619076","2020-09-28T11:50:00.000","2","0","0",,"false","665896","4","ANGLE","22","CLOUDY","1","DAYLIGHT","12","MOTOR VEHICLE IN TRANSPORT","EASTLAND AV & GALLATIN AV","NASHVILLE","TN","37206","1243","EAST","36.1838","-86.7484","POINT (-86.7484 36.1838)"
"20200619075","2020-09-28T09:07:00.000","1","0","0","true","false","225950","0","NOT COLLISION W/MOTOR VEHICLE-TRANSPORT","22","CLOUDY","1","DAYLIGHT","30;63","UTILITY POLE;Ran Off Road-Right","21ST AVS & 21ST AV S PVTDR","NASHVILLE","TN","37212","6607","MIDTOW","36.1318","-86.8015","POINT (-86.8015 36.1318)"
"20200619067","2020-09-28T11:25:00.000","2","0","0",,"false","4000823","5","SIDESWIPE - SAME DIRECTION",,,"1","DAYLIGHT","12","MOTOR VEHICLE IN TRANSPORT","MM 78 4 I 65","NASHVILLE","TN","37204","8502","MIDTOW","36.0916","-86.7624","POINT (-86.7624 36.0916)"
"20200619028","2020-09-28T11:19:00.000","2","2","0",,"false","140790","11","Front to Rear","22","CLOUDY","1","DAYLIGHT","12","MOTOR VEHICLE IN TRANSPORT","SAUNDERSVILLE RD & SHUTE LN","OLD HICKORY","TN","37138","9721","HERMIT","36.2263","-86.6032","POINT (-86.6032 36.2263)"
"20200619022","2020-09-28T11:00:00.000","2","0","0",,"false","212318","4","ANGLE",,,"1","DAYLIGHT","12","MOTOR VEHICLE IN TRANSPORT","OLD HICKORY BLVD & BRENTWOOD MEADOWS CIR","BRENTWOOD","TN","37027","8621","MIDTOW","36.0411","-86.7464","POINT (-86.7464 36.0411)"
"20200619012","2020-09-28T11:07:00.000","2","0","0",,"false","161949","5","SIDESWIPE - SAME DIRECTION",,,"1","DAYLIGHT","12","MOTOR VEHICLE IN TRANSPORT","HAMILTON CHURCH RD & MURFREESBORO PKE","ANTIOCH","TN","37013","8865","SOUTH","36.0645","-86.6288","POINT (-86.6288 36.0645)"
"20200619000","2020-09-28T11:00:00.000","2","0","0",,"true","633381","5","SIDESWIPE - SAME DIRECTION",,,"1","DAYLIGHT","12","MOTOR VEHICLE IN TRANSPORT","MM 60 0 I 24","ANTIOCH","TN","37013","88060","SOUTH","36.0403","-86.6502","POINT (-86.6502 36.0403)"
"20200618987","2020-09-28T10:56:00.000","2","0","0",,"false","140790","11","Front to Rear","22","CLOUDY","1","DAYLIGHT","12","MOTOR VEHICLE IN TRANSPORT","SAUNDERSVILLE RD & SHUTE LN","OLD HICKORY","TN","37138","9721","HERMIT","36.2263","-86.6032","POINT (-86.6032 36.2263)"
"20200618886","2020-09-28T09:22:00.000","2","2","0",,"false","676834","11","Front to Rear","22","CLOUDY","1","DAYLIGHT","12","MOTOR VEHICLE IN TRANSPORT","JEFFERSON ST & 7TH AVE N","NASHVILLE","TN","37208","4305","NORTH","36.1736","-86.7901","POINT (-86.7901 36.1736)"
"20200618882","2020-09-28T09:43:00.000","2","0","0",,"false","161949","11","Front to Rear",,,"1","DAYLIGHT","12","MOTOR VEHICLE IN TRANSPORT","MT VIEW RD & HICKORY HOLLOW PKWY","ANTIOCH","TN","37013","8859","SOUTH","36.0588","-86.6705","POINT (-86.6705 36.0588)"
"20200618843","2020-09-28T09:33:00.000","1","0","0",,"false","140790","0","NOT COLLISION W/MOTOR VEHICLE-TRANSPORT","22","CLOUDY","1","DAYLIGHT","36","CONCRETE TRAFFIC BARRIER","MM 213 3 I 40","NASHVILLE","TN","37210","9004","HERMIT","36.1407","-86.7259","POINT (-86.7259 36.1407)"
"20200618831","2020-09-28T08:50:00.000","2","0","0",,"false","226673","11","Front to Rear",,,"1","DAYLIGHT","12","MOTOR VEHICLE IN TRANSPORT","MM 209 2 I 40","NASHVILLE","TN","37203","4002","CENTRA","36.1553","-86.7889","POINT (-86.7889 36.1553)"
"20200618698","2020-09-28T07:55:00.000","2","0","0",,"true","571313","5","SIDESWIPE - SAME DIRECTION","22","CLOUDY","1","DAYLIGHT","12","MOTOR VEHICLE IN TRANSPORT","MM 80 2 I 65","NASHVILLE","TN","37204","8306","MIDTOW","36.1159","-86.7732","POINT (-86.7732 36.1159)"
"20200618689","2020-09-28T07:58:00.000","2","2","0",,"false","4001097","11","Front to Rear","22","CLOUDY","1","DAYLIGHT","12","MOTOR VEHICLE IN TRANSPORT","DICKERSON PKE & SKYLINE MEMORIAL CT","MADISON","TN","37115","2009","MADISO","36.2438","-86.7566","POINT (-86.7566 36.2438)"
"20200618685","2020-09-28T07:50:00.000","2","0","0",,"true","665896","4","ANGLE","22","CLOUDY","1","DAYLIGHT","12","MOTOR VEHICLE IN TRANSPORT","OLD TRINITY LN & DICKERSON PKE","NASHVILLE","TN","37207","1829","EAST","36.2069","-86.7686","POINT (-86.7686 36.2069)"
"20200618672","2020-09-28T07:45:00.000","2","0","0",,"false","226622","4","ANGLE","22","CLOUDY","1","DAYLIGHT","12","MOTOR VEHICLE IN TRANSPORT","HARDING PKE & PAGE RD","NASHVILLE","TN","37205","6201","WEST","36.1006","-86.871","POINT (-86.871 36.1006)"
"20200618642","2020-09-28T07:30:00.000","2","0","0",,"false","4000823","11","Front to Rear",,,"1","DAYLIGHT","12","MOTOR VEHICLE IN TRANSPORT","FRANKLIN PKE & HARDING PL","NASHVILLE","TN","37204","7027","MIDTOW","36.0866","-86.772","POINT (-86.772 36.0866)"
"20200618595","2020-09-28T06:50:00.000","2","0","0",,"false","226098","11","Front to Rear",,,"1","DAYLIGHT","12","MOTOR VEHICLE IN TRANSPORT","MM 35 0 I 24","JOELTON","TN","37080","3318","NORTH","36.3239","-86.867","POINT (-86.867 36.3239)"
"20200618586","2020-09-28T06:38:00.000","2","1","0",,"false","226134","5","SIDESWIPE - SAME DIRECTION","22","CLOUDY","1","DAYLIGHT","12","MOTOR VEHICLE IN TRANSPORT","8TH AVS & KOREAN VETERANS BLVD","NASHVILLE","TN","37203","4043","CENTRA","36.1549","-86.7792","POINT (-86.7792 36.1549)"
"20200618555","2020-09-28T06:10:00.000","1","0","0",,"false","476332","0","NOT COLLISION W/MOTOR VEHICLE-TRANSPORT",,,"2","DARK - NOT LIGHTED","50","DEER (ANIMAL)","LEBANON PKE & YMCA CNCTR","NASHVILLE","TN","37214","9403","HERMIT","36.1732","-86.6486","POINT (-86.6486 36.1732)"
"20200618542","2020-09-28T03:30:00.000","1","0","0","true","true","330440","0","NOT COLLISION W/MOTOR VEHICLE-TRANSPORT","21","CLEAR","2","DARK - NOT LIGHTED","1",,"STATE HWY 171 & BEACHMIST WAY","ANTIOCH","TN","37013","8977","SOUTH","36.065","-86.5903","POINT (-86.5903 36.065)"
"20200618399","2020-09-28T03:30:00.000","2","0","0",,"true","4000720","5","SIDESWIPE - SAME DIRECTION",,,"3","DARK - LIGHTED","12","MOTOR VEHICLE IN TRANSPORT","MM 54 1 I 24","NASHVILLE","TN","37211","84020","SOUTH","36.1045","-86.7166","POINT (-86.7166 36.1045)"
"20200618293","2020-09-28T01:40:00.000","1","0","0",,"true","320580","9","UNKNOWN","21","CLEAR","3","DARK - LIGHTED","99","UNKNOWN MOST HARMFUL EVENT","I40 E EXT RAMP & I 40","NASHVILLE","TN","37214","8955","HERMIT","36.155","-86.6271","POINT (-86.6271 36.155)"
"20200618252","2020-09-27T22:30:00.000","2","0","0",,"true","256569","11","Front to Rear",,,"3","DARK - LIGHTED","12","MOTOR VEHICLE IN TRANSPORT","BELL RD & EDGE O LAKE DR","NASHVILLE","TN","37217","8963","HERMIT","36.0794","-86.6326","POINT (-86.6326 36.0794)"
"20200618104","2020-09-27T23:00:00.000","1","0","0",,"true","372814","0","NOT COLLISION W/MOTOR VEHICLE-TRANSPORT","21","CLEAR","3","DARK - LIGHTED","36","CONCRETE TRAFFIC BARRIER","BRILEY PKWYE & BRILEY PKWYW","NASHVILLE","TN","37207","20120","MADISO","36.2396","-86.7751","POINT (-86.7751 36.2396)"
"20200618059","2020-09-27T22:10:00.000","2","0","0",,"false","352184","5","SIDESWIPE - SAME DIRECTION","21","CLEAR","3","DARK - LIGHTED","12","MOTOR VEHICLE IN TRANSPORT","MM 212 0 I 40","NASHVILLE","TN","37210","90041","HERMIT","36.147","-86.7433","POINT (-86.7433 36.147)"
"20200618046","2020-09-27T22:30:00.000","2","1","0",,"false","256427","11","Front to Rear",,,"3","DARK - LIGHTED","12","MOTOR VEHICLE IN TRANSPORT","MM 77 3 I 65","NASHVILLE","TN","37220","86042","MIDTOW","36.0758","-86.7677","POINT (-86.7677 36.0758)"
"20200617947","2020-09-27T20:46:00.000","2","1","0",,"false","311325","4","ANGLE","21","CLEAR","3","DARK - LIGHTED","12","MOTOR VEHICLE IN TRANSPORT","14TH AVE & US HWY 70","NASHVILLE","TN","37203","5701","MIDTOW","36.1556","-86.7897","POINT (-86.7897 36.1556)"
"20200617903","2020-09-27T20:10:00.000","2","1","0",,"false","330428","11","Front to Rear","21","CLEAR","3","DARK - LIGHTED","12","MOTOR VEHICLE IN TRANSPORT","MURFREESBORO PKE & MILLWOOD DR","NASHVILLE","TN","37217","8815","HERMIT","36.1295","-86.7147","POINT (-86.7147 36.1295)"
"20200617883","2020-09-27T19:30:00.000","1","0","0",,"false","256427","0","NOT COLLISION W/MOTOR VEHICLE-TRANSPORT",,,"2","DARK - NOT LIGHTED","11","OTHER ANIMAL","NOLENSVILLE PKE & CONCORD RD","NASHVILLE","TN","37211","8651","MIDTOW","36.0042","-86.6916","POINT (-86.6916 36.0042)"
"20200617814","2020-09-27T19:00:00.000","2","0","0",,"false","352155","11","Front to Rear","21","CLEAR","3","DARK - LIGHTED","12","MOTOR VEHICLE IN TRANSPORT","MURFREESBORO PKE & MOUNTAIN SPRINGS RD","ANTIOCH","TN","37013","8927","SOUTH","36.0478","-86.6121","POINT (-86.6121 36.0478)"
"20200617774","2020-09-27T18:09:00.000","2","0","0",,"false","311325","16","Rear to Side","21","CLEAR","1","DAYLIGHT","12","MOTOR VEHICLE IN TRANSPORT","16TH AVE S & MCGAVOCK ST","NASHVILLE","TN","37203","5703","MIDTOW","36.1532","-86.7922","POINT (-86.7922 36.1532)"
"20200617743","2020-09-27T17:47:00.000","2","0","0",,"false","409181","4","ANGLE","21","CLEAR","1","DAYLIGHT","12","MOTOR VEHICLE IN TRANSPORT","MYATT DR & RIVERGATE STATION PVTDR","MADISON","TN","37115","1721","MADISO","36.2963","-86.6987","POINT (-86.6987 36.2963)"
"20200617721","2020-09-27T17:45:00.000","2","1","0",,"false","409214","11","Front to Rear","21","CLEAR","1","DAYLIGHT","12","MOTOR VEHICLE IN TRANSPORT","RANSOM PL & OLIVE CIR","NASHVILLE","TN","37217","8853","SOUTH","36.088","-86.653","POINT (-86.653 36.088)"
"20200617692","2020-09-27T17:18:00.000","1","1","0","true","false","320592","9","UNKNOWN","21","CLEAR","1","DAYLIGHT","99","UNKNOWN MOST HARMFUL EVENT","CHEATHAM PL & MARY ST","NASHVILLE","TN","37208","4327","NORTH","36.1745","-86.7991","POINT (-86.7991 36.1745)"
"20200617666","2020-09-27T16:49:00.000","2","1","0",,"false","256427","6","SIDESWIPE - OPPOSITE DIRECTION",,,"1","DAYLIGHT","12;6","MOTOR VEHICLE IN TRANSPORT","NOLENSVILLE PKE & FAIRLANE DR","NASHVILLE","TN","37211","8659","MIDTOW","36.0639","-86.7171","POINT (-86.7171 36.0639)"
"20200617664","2020-09-27T16:20:00.000","3","1","0",,"true","352204","11","Front to Rear","21","CLEAR","1","DAYLIGHT","12","MOTOR VEHICLE IN TRANSPORT","CHARLOTTE PKE & CABOT DR","NASHVILLE","TN","37209","4677","WEST","36.2336","-86.7283","POINT (-86.7283 36.2336)"
"20200617610","2020-09-27T16:05:00.000","1","0","0",,"false","391683","0","NOT COLLISION W/MOTOR VEHICLE-TRANSPORT",,,"1","DAYLIGHT","24","GUARDRAIL FACE","US HWY 431 & BEAR HOLLOW RD","WHITES CREEK","TN","37189","3303","NORTH","36.3065","-86.8615","POINT (-86.8615 36.3065)"
"20200617597","2020-09-27T15:38:00.000","2","1","0",,"false","409181","5","SIDESWIPE - SAME DIRECTION","21","CLEAR","1","DAYLIGHT","12","MOTOR VEHICLE IN TRANSPORT","CONFERENCE DR & RIVERGATE MALL PVTDR","GOODLETTSVILLE","TN","37072","1751","MADISO","36.3055","-86.6936","POINT (-86.6936 36.3055)"
"20200617563","2020-09-27T15:40:00.000","2","0","0",,"false","352207","6","SIDESWIPE - OPPOSITE DIRECTION",,,"1","DAYLIGHT","12","MOTOR VEHICLE IN TRANSPORT","FATHERLAND ST & S 11TH ST","NASHVILLE","TN","37206","1207","EAST","36.1741","-86.7504","POINT (-86.7504 36.1741)"
"20200617554","2020-09-27T15:20:00.000","2","1","0",,"false","330425","4","ANGLE",,,"1","DAYLIGHT","12","MOTOR VEHICLE IN TRANSPORT","JACKSON DOWNS BLVD & LEBANON PKE","NASHVILLE","TN","37214","9403","HERMIT","36.1853","-86.6365","POINT (-86.6365 36.1853)"
"20200617536","2020-09-27T15:00:00.000","2","0","0",,"true","352153","11","Front to Rear",,,"1","DAYLIGHT","12","MOTOR VEHICLE IN TRANSPORT","E OLD HICKORY BLVD & RIO VISTA DR","MADISON","TN","37115","1635","MADISO","36.2624","-86.6811","POINT (-86.6811 36.2624)"
"20200617533","2020-09-27T13:38:00.000","2","0","0",,"false","352215","4","ANGLE","21","CLEAR","1","DAYLIGHT","12","MOTOR VEHICLE IN TRANSPORT","FAIRWAY DR & LEBANON PKE","NASHVILLE","TN","37214","9203","HERMIT","36.1697","-86.6825","POINT (-86.6825 36.1697)"
"20200617486","2020-09-27T19:00:00.000","2","1","0",,"false","352185","4","ANGLE","21","CLEAR","3","DARK - LIGHTED","1;12","MOTOR VEHICLE IN TRANSPORT","GEORGE L DAVIS BLVD & I40 W ENT RAMP","NASHVILLE","TN","37203","4119","CENTRA","36.1584","-86.7906","POINT (-86.7906 36.1584)"
"20200617419","2020-09-27T13:22:00.000","2","0","0",,"false","140808","11","Front to Rear","21","CLEAR","1","DAYLIGHT","12","MOTOR VEHICLE IN TRANSPORT","LEBANON PKE & JUAREZ DR","HERMITAGE","TN","37076","9531","HERMIT","36.1927","-86.6237","POINT (-86.6237 36.1927)"
"20200617381","2020-09-27T12:49:00.000","1","1","0",,"false","110092","0","NOT COLLISION W/MOTOR VEHICLE-TRANSPORT","22","CLOUDY","1","DAYLIGHT","36","CONCRETE TRAFFIC BARRIER","I24 W ENT RAMP & I 24","NASHVILLE","TN","37206","1009","EAST","36.1666","-86.7638","POINT (-86.7638 36.1666)"
"20200617363","2020-09-27T12:21:00.000","3","0","0",,"false","109527","11","Front to Rear",,,"1","DAYLIGHT","12","MOTOR VEHICLE IN TRANSPORT","MURFREESBORO PKE & RANSOM PL","NASHVILLE","TN","37217","8853","SOUTH","36.0892","-86.6501","POINT (-86.6501 36.0892)"
"20200617349","2020-09-27T11:30:00.000","2","1","0",,"false","352197","11","Front to Rear",,,"1","DAYLIGHT","12","MOTOR VEHICLE IN TRANSPORT","MYATT DR & SPRING BRANCH DR","MADISON","TN","37115","1721","MADISO","36.2938","-86.6964","POINT (-86.6964 36.2938)"
"20200617343","2020-09-27T12:10:00.000","2","0","0",,"false","4001091","3","REAR-TO-REAR","21","CLEAR","1","DAYLIGHT","14","PARKED MOTOR VEHICLE","WEST RUNNING BROOK RD & HALEYS HOPE CT","NASHVILLE","TN","37221","4709","WEST","36.1191","-86.9326","POINT (-86.9326 36.1191)"
"20200617322","2020-09-27T11:38:00.000","2","0","0",,"false","633381","6","SIDESWIPE - OPPOSITE DIRECTION",,,"1","DAYLIGHT","12","MOTOR VEHICLE IN TRANSPORT","MT VIEW RD & BABY RUTH LN","ANTIOCH","TN","37013","8863","SOUTH","36.0433","-86.6408","POINT (-86.6408 36.0433)"
"20200617307","2020-09-27T11:24:00.000","3","0","0",,"false","240964","11","Front to Rear","21","CLEAR","1","DAYLIGHT","12","MOTOR VEHICLE IN TRANSPORT","BELL RD & TRAILS CIR","NASHVILLE","TN","37214","8995","HERMIT","36.1473","-86.6259","POINT (-86.6259 36.1473)"
"20200617236","2020-09-27T10:23:00.000","2","0","0",,"false","161946","4","ANGLE",,,"1","DAYLIGHT","12","MOTOR VEHICLE IN TRANSPORT","HICKORY HOLLOW PKWY & UNA ANTIOCH PKE","ANTIOCH","TN","37013","8859","SOUTH","36.0597","-86.671","POINT (-86.671 36.0597)"
"20200617227","2020-09-27T00:00:00.000","2","0","0",,"true","206674","5","SIDESWIPE - SAME DIRECTION","99","UNKNOWN","9","UNKNOWN","14","PARKED MOTOR VEHICLE","10TH AVN & COFFEE ST","NASHVILLE","TN","37208","4447","NORTH","36.1822","-86.8038","POINT (-86.8038 36.1822)"
"20200617067","2020-09-27T00:00:00.000","1","0","0","true","true","348631","0","NOT COLLISION W/MOTOR VEHICLE-TRANSPORT","99","UNKNOWN","9","UNKNOWN","40","MAIL BOX","SIOUX TER & NEELYS BEND RD","MADISON","TN","37115","1633","MADISO","36.2475","-86.6816","POINT (-86.6816 36.2475)"
"20200616902","2020-09-27T04:10:00.000","1","0","0","true","true","151122","0","NOT COLLISION W/MOTOR VEHICLE-TRANSPORT","21","CLEAR","3","DARK - LIGHTED","24;63","GUARDRAIL FACE;Ran Off Road-Right","NOLENSVILLE PKE & YELTON CT","NASHVILLE","TN","37211","8435","SOUTH","36.0911","-86.7348","POINT (-86.7348 36.0911)"
"20200616866","2020-09-27T00:00:00.000","1","1","0",,"false","352189","9","UNKNOWN","21","CLEAR","3","DARK - LIGHTED","99","UNKNOWN MOST HARMFUL EVENT","CHARLOTTE PKE & WILCLAY DR","NASHVILLE","TN","37209","5025","WEST","36.143","-86.8746","POINT (-86.8746 36.143)"
"20200616821","2020-09-27T03:08:00.000","1","2","0",,"false","110090","0","NOT COLLISION W/MOTOR VEHICLE-TRANSPORT","21","CLEAR","3","DARK - LIGHTED","41;42","SHRUBBERY;TREE","HICKS RD & POST CREEK RD","NASHVILLE","TN","37221","4815","WEST","36.0813","-86.9302","POINT (-86.9302 36.0813)"
"20200616653","2020-09-26T22:20:00.000","2","0","0",,"true","320584","11","Front to Rear","21","CLEAR","7","Dark-Unknown Lighting","14","PARKED MOTOR VEHICLE","TAMPA DR & RICHBRIAR RD","NASHVILLE","TN","37211","8705","SOUTH","36.0801","-86.7092","POINT (-86.7092 36.0801)"
"20200616650","2020-09-27T00:00:00.000","2","0","0",,"true","279216","5","SIDESWIPE - SAME DIRECTION",,,"3","DARK - LIGHTED","12","MOTOR VEHICLE IN TRANSPORT","MM 86 9 I 65","NASHVILLE","TN","37207","3002","NORTH","36.2009","-86.7768","POINT (-86.7768 36.2009)"
"20200616589","2020-09-27T00:00:00.000","1","0","0","true","true","468098","0","NOT COLLISION W/MOTOR VEHICLE-TRANSPORT","21","CLEAR","3","DARK - LIGHTED","30","UTILITY POLE","HAYWOOD LN & ANTIOCH PKE","NASHVILLE","TN","37211","8851","SOUTH","36.0702","-86.6848","POINT (-86.6848 36.0702)"
"20200616585","2020-09-27T00:04:00.000","1","0","0",,"false","384424","0","NOT COLLISION W/MOTOR VEHICLE-TRANSPORT",,,"3","DARK - LIGHTED","34","DITCH","OLD HICKORY BLVD & BRENTWOOD COMMONS WAY","BRENTWOOD","TN","37027","8623","MIDTOW","36.0412","-86.7766","POINT (-86.7766 36.0412)"
"20200616534","2020-09-26T00:00:00.000","2","2","0",,"false","409199","4","ANGLE","21","CLEAR","3","DARK - LIGHTED","12","MOTOR VEHICLE IN TRANSPORT","DR D B TODD JR BLVD & COCKRILL ST","NASHVILLE","TN","37208","4469","NORTH","36.1736","-86.8083","POINT (-86.8083 36.1736)"
"20200616522","2020-09-26T21:21:00.000","2","0","0",,"true","409227","2","HEAD-ON",,,"3","DARK - LIGHTED","12","MOTOR VEHICLE IN TRANSPORT","EDMONDSON PKE & MILNER DR","NASHVILLE","TN","37211","8661","MIDTOW","36.0737","-86.7319","POINT (-86.7319 36.0737)"
"20200616516","2020-09-26T23:05:00.000","1","0","0","true","true","279197","0","NOT COLLISION W/MOTOR VEHICLE-TRANSPORT",,,"3","DARK - LIGHTED","33;38;40","CURB;FENCE;MAIL BOX","HART CT & HART LN","NASHVILLE","TN","37207","1887","EAST","36.2209","-86.7564","POINT (-86.7564 36.2209)"
"20200616496","2020-09-26T21:00:00.000","2","0","0",,"true","409151","11","Front to Rear",,,"3","DARK - LIGHTED","12","MOTOR VEHICLE IN TRANSPORT","17TH AVN & CHURCH ST","NASHVILLE","TN","37203","5519","MIDTOW","36.1558","-86.7959","POINT (-86.7959 36.1558)"
"20200616380","2020-09-26T20:35:00.000","2","0","0",,"false","409199","5","SIDESWIPE - SAME DIRECTION",,,"3","DARK - LIGHTED","12","MOTOR VEHICLE IN TRANSPORT","MM 206 7 I 40","NASHVILLE","TN","37208","4504","NORTH","36.1678","-86.8158","POINT (-86.8158 36.1678)"
"20200616368","2020-09-26T21:03:00.000","1","0","0",,"false","279208","0","NOT COLLISION W/MOTOR VEHICLE-TRANSPORT","21","CLEAR","7","Dark-Unknown Lighting","24","GUARDRAIL FACE","MM 211 0 I 40","NASHVILLE","TN","37210","82020","HERMIT","36.1544","-86.7598","POINT (-86.7598 36.1544)"
"20200616286","2020-09-26T19:41:00.000","3","2","0",,"true","330420","11","Front to Rear","21","CLEAR","3","DARK - LIGHTED","12","MOTOR VEHICLE IN TRANSPORT","NOLENSVILLE PKE & OCALA DR","NASHVILLE","TN","37211","8655","MIDTOW","36.0849","-86.7284","POINT (-86.7284 36.0849)"
"20200616274","2020-09-26T19:48:00.000","2","1","0",,"false","405424","4","ANGLE","21","CLEAR","3","DARK - LIGHTED","12","MOTOR VEHICLE IN TRANSPORT","BLACKWOOD DR & STEWARTS FERRY PKE","NASHVILLE","TN","37214","8955","HERMIT","36.1526","-86.6255","POINT (-86.6255 36.1526)"
"20200616259","2020-09-26T19:21:00.000","2","0","0",,"true","299266","4","ANGLE","21","CLEAR","3","DARK - LIGHTED","14","PARKED MOTOR VEHICLE","SWEETBRIAR AVE & BONNIE BRIAR LN","NASHVILLE","TN","37212","6507","MIDTOW","36.1256","-86.8026","POINT (-86.8026 36.1256)"
"20200616250","2020-09-26T00:00:00.000","2","0","0",,"true","279216","11","Front to Rear",,,"3","DARK - LIGHTED","12","MOTOR VEHICLE IN TRANSPORT","BAPTIST WORLD CENTER DR & VASHTI ST","NASHVILLE","TN","37207","3001","NORTH","36.1949","-86.7798","POINT (-86.7798 36.1949)"
"20200616213","2020-09-26T19:00:00.000","2","1","0",,"false","409203","11","Front to Rear",,,"3","DARK - LIGHTED","12","MOTOR VEHICLE IN TRANSPORT","17TH AVS & BROADWAY","NASHVILLE","TN","37203","5705","MIDTOW","36.1533","-86.794","POINT (-86.794 36.1533)"
"20200616208","2020-09-26T18:45:00.000","1","0","0",,"false","179603","0","NOT COLLISION W/MOTOR VEHICLE-TRANSPORT",,,"7","Dark-Unknown Lighting","16","THROWN OR FALLING OBJECT","MM 42 2 I 24","WHITES CREEK","TN","37189","3226","NORTH","36.2553","-86.7866","POINT (-86.7866 36.2553)"
"20200616186","2020-09-26T17:47:00.000","1","1","0",,"true","299266","0","NOT COLLISION W/MOTOR VEHICLE-TRANSPORT","21","CLEAR","1","DAYLIGHT","8","PEDESTRIAN","21ST AVE S & US HWY 70S","NASHVILLE","TN","37203","5715","MIDTOW","36.1504","-86.8012","POINT (-86.8012 36.1504)"
"20200616127","2020-09-26T17:44:00.000","2","0","0",,"false","109530","5","SIDESWIPE - SAME DIRECTION","21","CLEAR","5","DUSK","12","MOTOR VEHICLE IN TRANSPORT","MM 94 5 I 65","GOODLETTSVILLE","TN","37072","17043","MADISO","36.293","-86.7195","POINT (-86.7195 36.293)"
"20200616125","2020-09-26T16:45:00.000","2","0","0",,"false","799013","4","ANGLE","21","CLEAR","1","DAYLIGHT","12","MOTOR VEHICLE IN TRANSPORT","RISTAU CT & LAWSON DR","ANTIOCH","TN","37013","8763","SOUTH","36.0092","-86.6481","POINT (-86.6481 36.0092)"
"20200616113","2020-09-26T17:27:00.000","1","1","0",,"false","140808","0","NOT COLLISION W/MOTOR VEHICLE-TRANSPORT","21","CLEAR","1","DAYLIGHT","42","TREE","SAUNDERSVILLE RD & WYNTERGRACE FARM CT","HERMITAGE","TN","37076","9727","HERMIT","36.2284","-86.5973","POINT (-86.5973 36.2284)"
"20200616101","2020-09-26T17:15:00.000","3","0","0",,"false","225894","4","ANGLE",,,"1","DAYLIGHT","12","MOTOR VEHICLE IN TRANSPORT","LAFAYETTE ST & 4TH AVS","NASHVILLE","TN","37210","4005","CENTRA","36.1518","-86.7713","POINT (-86.7713 36.1518)"