"accident_number","date_and_time","number_of_motor_vehicles","number_of_injuries","number_of_fatalities","property_damage","hit_and_run","reporting_officer","collision_type","collision_type_description","weather","weather_description","illuaccidemination","illumination_description","harmfulcodes","harmfuldescriptions","street_address","city","state","zip","rpa","precinct","lat","long","mapped_location"
"20200616094","2020-09-26T17:13:00.000","2","1","0",,"false","223502","11","Front to Rear",,,"1","DAYLIGHT","12","MOTOR VEHICLE IN TRANSPORT","MM 6 6 I 440","NASHVILLE","TN","37210","81040","SOUTH","36.1243","-86.7447","POINT (-86.7447 36.1243)"
"20200616077","2020-09-26T17:00:00.000","2","0","0",,"false","4000254","4","ANGLE",,,"1","DAYLIGHT","13","MOTOR VEHICLE IN TRANSPORT-OTHER ROADWAY","BUCHANAN ST & DR D B TODD JR BLVD","NASHVILLE","TN","37208","4455","NORTH","36.1801","-86.8108","POINT (-86.8108 36.1801)"
"20200616076","2020-09-26T15:45:00.000","2","0","0","true","false","385032","4","ANGLE","21","CLEAR","1","DAYLIGHT","14","PARKED MOTOR VEHICLE","RIVERBROOK DR & MAPLETON ALY","HERMITAGE","TN","37076","9529","HERMIT","36.1689","-86.6158","POINT (-86.6158 36.1689)"
"20200616029","2020-09-26T00:00:00.000","2","1","0",,"false","384408","4","ANGLE",,,"1","DAYLIGHT","12","MOTOR VEHICLE IN TRANSPORT","GALLATIN PKEN & RIVERCHASE BLVD","MADISON","TN","37115","1721","MADISO","36.3086","-86.6815","POINT (-86.6815 36.3086)"
"20200615988","2020-09-26T15:20:00.000","2","0","0",,"false","628640","11","Front to Rear",,,"1","DAYLIGHT","12","MOTOR VEHICLE IN TRANSPORT","NOLENSVILLE PKE & CHILTON ST","NASHVILLE","TN","37211","8427","SOUTH","36.1005","-86.7399","POINT (-86.7399 36.1005)"
"20200615982","2020-09-26T15:45:00.000","2","0","0",,"false","352197","11","Front to Rear",,,"1","DAYLIGHT","12","MOTOR VEHICLE IN TRANSPORT","SKYLINE MEMORIAL CT & DICKERSON PKE","MADISON","TN","37115","2009","MADISO","36.2439","-86.7566","POINT (-86.7566 36.2439)"
"20200615979","2020-09-26T15:00:00.000","2","0","0",,"false","4000686","16","Rear to Side","21","CLEAR","1","DAYLIGHT","12","MOTOR VEHICLE IN TRANSPORT","DICKERSON PKE & LORRAINE AV","NASHVILLE","TN","37207","1827","EAST","36.2175","-86.7632","POINT (-86.7632 36.2175)"
"20200615970","2020-09-26T15:19:00.000","2","1","0",,"false","462474","4","ANGLE",,,"1","DAYLIGHT","12","MOTOR VEHICLE IN TRANSPORT","WEDGEWOOD AV & I65 S ENT RAMP","NASHVILLE","TN","37204","6945","MIDTOW","36.1342","-86.7764","POINT (-86.7764 36.1342)"
"20200615966","2020-09-26T15:12:00.000","2","0","0",,"false","4001084","6","SIDESWIPE - OPPOSITE DIRECTION",,,"1","DAYLIGHT","14","PARKED MOTOR VEHICLE","HART AV & MANSFIELD ST","NASHVILLE","TN","37206","1943","EAST","36.1832","-86.7559","POINT (-86.7559 36.1832)"
"20200615955","2020-09-26T14:45:00.000","2","0","0",,"true","226622","4","ANGLE","22","CLOUDY","1","DAYLIGHT","12","MOTOR VEHICLE IN TRANSPORT","TARGET PVTDR & WHITE BRIDGE PKE","NASHVILLE","TN","37209","5107","WEST","36.1298","-86.8544","POINT (-86.8544 36.1298)"
"20200615926","2020-09-26T14:14:00.000","2","0","0",,"false","223502","11","Front to Rear",,,"1","DAYLIGHT","12","MOTOR VEHICLE IN TRANSPORT","NOLENSVILLE PKE & HIGH ST","NASHVILLE","TN","37211","8427","SOUTH","36.1008","-86.74","POINT (-86.74 36.1008)"
"20200615922","2020-09-26T14:42:00.000","2","0","0",,"false","887598","11","Front to Rear","21","CLEAR","1","DAYLIGHT","12","MOTOR VEHICLE IN TRANSPORT","4TH AVS & PEABODY ST","NASHVILLE","TN","37201","4047","CENTRA","36.1566","-86.7744","POINT (-86.7744 36.1566)"
"20200615908","2020-09-26T00:00:00.000","2","1","0",,"false","352167","11","Front to Rear",,,"1","DAYLIGHT","12","MOTOR VEHICLE IN TRANSPORT","RAYWOOD LN & TUSCULUM RD","NASHVILLE","TN","37211","8711","SOUTH","36.0591","-86.7143","POINT (-86.7143 36.0591)"
"20200615898","2020-09-26T14:00:00.000","2","0","0",,"true","226622","4","ANGLE","22","CLOUDY","1","DAYLIGHT","12","MOTOR VEHICLE IN TRANSPORT","CHARLOTTE PKE & CABOT DR","NASHVILLE","TN","37209","4677","WEST","36.2336","-86.7283","POINT (-86.7283 36.2336)"
"20200615890","2020-09-26T12:18:00.000","2","0","0",,"true","161946","11","Front to Rear",,,"1","DAYLIGHT","14","PARKED MOTOR VEHICLE","REGENTS PARK CIR & BAYSWATER CIR","NASHVILLE","TN","37217","8853","SOUTH","36.0798","-86.6656","POINT (-86.6656 36.0798)"
"20200615818","2020-09-26T12:55:00.000","2","0","0",,"false","462474","11","Front to Rear",,,"1","DAYLIGHT","12","MOTOR VEHICLE IN TRANSPORT","WEDGEWOOD AV & I65 S ENT RAMP","NASHVILLE","TN","37204","6945","MIDTOW","36.1342","-86.7764","POINT (-86.7764 36.1342)"
"20200615763","2020-09-26T12:23:00.000","2","1","0",,"false","352211","4","ANGLE",,,"1","DAYLIGHT","12","MOTOR VEHICLE IN TRANSPORT","MCGAVOCK PKE & GRAYLYNN DR","NASHVILLE","TN","37214","9123","HERMIT","36.1589","-86.6812","POINT (-86.6812 36.1589)"
"20200615749","2020-09-26T12:00:00.000","2","0","0",,"true","226622","16","Rear to Side","22","CLOUDY","1","DAYLIGHT","12","MOTOR VEHICLE IN TRANSPORT","HARDING PKE & HIGHWAY 100","NASHVILLE","TN","37205","6209","WEST","36.0997","-86.8714","POINT (-86.8714 36.0997)"
"20200615718","2020-09-26T11:38:00.000","2","0","0",,"false","462474","5","SIDESWIPE - SAME DIRECTION",,,"1","DAYLIGHT","12","MOTOR VEHICLE IN TRANSPORT","MM 209 8 I 40","NASHVILLE","TN","37203","4004","CENTRA","36.149","-86.7794","POINT (-86.7794 36.149)"
"20200615705","2020-09-26T11:20:00.000","3","2","0",,"true","4000254","4","ANGLE",,,"1","DAYLIGHT","12;54","MOTOR VEHICLE IN TRANSPORT;Set In Motion By Motor Vehicle","1500 ARTHUR AV","NASHVILLE","TN","37208","4325","NORTH","36.1753","-86.7983","POINT (-86.7983 36.1753)"
"20200615564","2020-09-26T09:55:00.000","2","4","0",,"false","4001449","11","Front to Rear",,,"1","DAYLIGHT","12","MOTOR VEHICLE IN TRANSPORT","I24 E EXT RAMP & I 24","NASHVILLE","TN","37207","30080","NORTH","36.2378","-86.7872","POINT (-86.7872 36.2378)"
"20200615553","2020-09-26T09:48:00.000","3","3","0",,"false","4000892","11","Front to Rear",,,"1","DAYLIGHT","12","MOTOR VEHICLE IN TRANSPORT","2700 WHITES CREEK PKE","NASHVILLE","TN","37207","3043","NORTH","36.2181","-86.8036","POINT (-86.8036 36.2181)"
"20200615370","2020-09-26T07:16:00.000","2","0","0",,"false","474557","4","ANGLE",,,"1","DAYLIGHT","12","MOTOR VEHICLE IN TRANSPORT","MM 57 8 I 24","ANTIOCH","TN","37013","87060","SOUTH","36.06","-86.6798","POINT (-86.6798 36.06)"
"20200615344","2020-09-26T06:52:00.000","2","0","0",,"false","4001379","4","ANGLE",,,"1","DAYLIGHT","12","MOTOR VEHICLE IN TRANSPORT","GOODBAR DR & THOMPSON PL","NASHVILLE","TN","37217","8821","HERMIT","36.1272","-86.7006","POINT (-86.7006 36.1272)"
"20200615336","2020-09-26T06:30:00.000","1","0","0",,"false","4001449","0","NOT COLLISION W/MOTOR VEHICLE-TRANSPORT",,,"1","DAYLIGHT","36","CONCRETE TRAFFIC BARRIER","MM 57 8 I 24","ANTIOCH","TN","37013","87060","SOUTH","36.06","-86.6798","POINT (-86.6798 36.06)"
"20200615240","2020-09-26T04:33:00.000","1","0","0",,"false","4001100","0","NOT COLLISION W/MOTOR VEHICLE-TRANSPORT","21","CLEAR","3","DARK - LIGHTED","50","DEER (ANIMAL)","MURFREESBORO & HOBSON","ANTIOCH","TN","37013","8927","SOUTH","36.0437","-86.6073","POINT (-86.6073 36.0437)"
"20200615206","2020-09-26T00:00:00.000","1","0","0",,"false","352189","0","NOT COLLISION W/MOTOR VEHICLE-TRANSPORT","21","CLEAR","3","DARK - LIGHTED","50","DEER (ANIMAL)","HARDING PKE & BROOK HOLLOW RD","NASHVILLE","TN","37205","4913","WEST","36.095","-86.8804","POINT (-86.8804 36.095)"
"20200615168","2020-09-26T03:00:00.000","3","0","0",,"true","352164","4","ANGLE",,,"3","DARK - LIGHTED","14","PARKED MOTOR VEHICLE","115 MAPLE DR","GOODLETTSVILLE","TN","37072","2109","MADISO","36.2892","-86.7493","POINT (-86.7493 36.2892)"
"20200615161","2020-09-26T03:17:00.000","2","1","0",,"true","409199","5","SIDESWIPE - SAME DIRECTION","21","CLEAR","3","DARK - LIGHTED","12;36","MOTOR VEHICLE IN TRANSPORT;CONCRETE TRAFFIC BARRIER","MM 208 5 I 40","NASHVILLE","TN","37203","42020","CENTRA","36.1639","-86.7937","POINT (-86.7937 36.1639)"
"20200615095","2020-09-26T00:00:00.000","2","0","0",,"true","4001452","5","SIDESWIPE - SAME DIRECTION","21","CLEAR","3","DARK - LIGHTED","14","PARKED MOTOR VEHICLE","GLENCLIFF RD & TWIN OAKS DR","NASHVILLE","TN","37211","8401","SOUTH","36.104","-86.721","POINT (-86.721 36.104)"
"20200614881","2020-09-25T23:29:00.000","2","2","0",,"false","110062","2","HEAD-ON","21","CLEAR","3","DARK - LIGHTED","12","MOTOR VEHICLE IN TRANSPORT","ROSA L PARKS BLVD & CHURCH ST","NASHVILLE","TN","37203","4145","CENTRA","36.1617","-86.7839","POINT (-86.7839 36.1617)"
"20200614875","2020-09-25T23:10:00.000","2","0","0",,"true","409221","5","SIDESWIPE - SAME DIRECTION","21","CLEAR","3","DARK - LIGHTED","12","MOTOR VEHICLE IN TRANSPORT","SPRING ST & EXIT 47A","NASHVILLE","TN","37213","1985","CENTRA","36.1767","-86.773","POINT (-86.773 36.1767)"
"20200614868","2020-09-25T23:23:00.000","2","0","0",,"true","298871","4","ANGLE","21","CLEAR","2","DARK - NOT LIGHTED","12","MOTOR VEHICLE IN TRANSPORT","25TH AVN & 26TH AVN","NASHVILLE","TN","37208","4431","NORTH","36.1905","-86.817","POINT (-86.817 36.1905)"
"20200614841","2020-09-25T22:50:00.000","2","1","0",,"true","320583","4","ANGLE","21","CLEAR","3","DARK - LIGHTED","12","MOTOR VEHICLE IN TRANSPORT","WHITES CREEK PKE & MOORMANS ARM RD","NASHVILLE","TN","37207","3033","NORTH","36.2182","-86.8035","POINT (-86.8035 36.2182)"
"20200614815","2020-09-25T22:07:00.000","1","0","0","true","true","320578","0","NOT COLLISION W/MOTOR VEHICLE-TRANSPORT","21","CLEAR","3","DARK - LIGHTED","30","UTILITY POLE","HICKORY HOLLOW PKWY & MT VIEW RD","ANTIOCH","TN","37013","8859","SOUTH","36.0588","-86.6703","POINT (-86.6703 36.0588)"
"20200614771","2020-09-25T19:45:00.000","1","1","0","true","false","311799","0","NOT COLLISION W/MOTOR VEHICLE-TRANSPORT",,,"2","DARK - NOT LIGHTED","30","UTILITY POLE","BRICK CHURCH PKE & READ AV","NASHVILLE","TN","37207","3003","NORTH","36.2","-86.7772","POINT (-86.7772 36.2)"
"20200614702","2020-09-25T20:36:00.000","2","0","0",,"true","299267","4","ANGLE",,,"1","DAYLIGHT","12","MOTOR VEHICLE IN TRANSPORT","LITTON AV & GALLATIN PKE","NASHVILLE","TN","37216","1403","EAST","36.2024","-86.7392","POINT (-86.7392 36.2024)"
"20200614666","2020-09-25T20:38:00.000","2","0","0","true","false","279233","5","SIDESWIPE - SAME DIRECTION",,,"2","DARK - NOT LIGHTED","14","PARKED MOTOR VEHICLE","ELLIOTT AV & BRADFORD AV","NASHVILLE","TN","37204","6929","MIDTOW","36.1283","-86.7793","POINT (-86.7793 36.1283)"
"20200614661","2020-09-25T20:45:00.000","2","1","0",,"false","384437","11","Front to Rear",,,"3","DARK - LIGHTED","12","MOTOR VEHICLE IN TRANSPORT","9TH AVN & COMMERCE ST","NASHVILLE","TN","37203","4115","CENTRA","36.1598","-86.7836","POINT (-86.7836 36.1598)"
"20200614648","2020-09-25T20:21:00.000","2","0","0",,"true","320599","11","Front to Rear",,,"3","DARK - LIGHTED","12","MOTOR VEHICLE IN TRANSPORT","MURFREESBORO PKE & RURAL HILL RD","ANTIOCH","TN","37013","8861","SOUTH","36.0745","-86.6387","POINT (-86.6387 36.0745)"
"20200614647","2020-09-25T20:45:00.000","1","0","0","true","true","311799","0","NOT COLLISION W/MOTOR VEHICLE-TRANSPORT",,,"3","DARK - LIGHTED","30","UTILITY POLE","W TRINITY LN & LIBERIA ST","NASHVILLE","TN","37207","3009","NORTH","36.2077","-86.7856","POINT (-86.7856 36.2077)"
"20200614636","2020-09-25T18:45:00.000","2","0","0",,"true","390077","4","ANGLE",,,"3","DARK - LIGHTED","14","PARKED MOTOR VEHICLE","MAIN ST & NEILL AV","NASHVILLE","TN","37206","1119","EAST","36.1758","-86.7577","POINT (-86.7577 36.1758)"
"20200614628","2020-09-25T20:30:00.000","2","0","0",,"true","212343","11","Front to Rear",,,"3","DARK - LIGHTED","12","MOTOR VEHICLE IN TRANSPORT","N 1ST ST & SPRING ST","NASHVILLE","TN","37207","1955","CENTRA","36.1769","-86.7746","POINT (-86.7746 36.1769)"
"20200614615","2020-09-25T17:22:00.000","2","0","0",,"false","330425","5","SIDESWIPE - SAME DIRECTION","21","CLEAR","1","DAYLIGHT","12","MOTOR VEHICLE IN TRANSPORT","I40 E EXT RAMP & I 40","NASHVILLE","TN","37214","8955","HERMIT","36.155","-86.6271","POINT (-86.6271 36.155)"
"20200614531","2020-09-25T00:00:00.000","2","0","0",,"false","409210","5","SIDESWIPE - SAME DIRECTION",,,"2","DARK - NOT LIGHTED","14","PARKED MOTOR VEHICLE","ROSA L PARKS BLVD & HUME ST","NASHVILLE","TN","37208","4333","NORTH","36.1781","-86.7947","POINT (-86.7947 36.1781)"
"20200614530","2020-09-25T19:34:00.000","1","1","0",,"false","197054","0","NOT COLLISION W/MOTOR VEHICLE-TRANSPORT",,,"1","DAYLIGHT","63;71","Ran Off Road-Right;EMBANKMENT EARTH","MM 215 0 I 40","NASHVILLE","TN","37214","91021","HERMIT","36.1444","-86.6948","POINT (-86.6948 36.1444)"
"20200614516","2020-09-25T19:25:00.000","2","0","0",,"false","384433","4","ANGLE",,,"3","DARK - LIGHTED","12","MOTOR VEHICLE IN TRANSPORT","BAPTIST WORLD CENTER DR & W TRINITY LN","NASHVILLE","TN","37207","3009","NORTH","36.207","-86.7916","POINT (-86.7916 36.207)"
"20200614514","2020-09-25T19:27:00.000","1","1","0",,"false","151132","0","NOT COLLISION W/MOTOR VEHICLE-TRANSPORT",,,"2","DARK - NOT LIGHTED","8","PEDESTRIAN","BELL GRIMES LN & HICKORY TER","NASHVILLE","TN","37207","2043","MADISO","36.2692","-86.7634","POINT (-86.7634 36.2692)"
"20200614482","2020-09-25T19:06:00.000","2","0","0",,"false","320603","4","ANGLE","21","CLEAR","3","DARK - LIGHTED","12","MOTOR VEHICLE IN TRANSPORT","HAMILTON CHURCH RD & MURFREESBORO PKE","ANTIOCH","TN","37013","8865","SOUTH","36.0645","-86.6288","POINT (-86.6288 36.0645)"
"20200614424","2020-09-25T18:37:00.000","2","0","0",,"false","390077","11","Front to Rear",,,"3","DARK - LIGHTED","12","MOTOR VEHICLE IN TRANSPORT","GALLATIN AV & STRATTON AV","NASHVILLE","TN","37206","1243","EAST","36.1824","-86.749","POINT (-86.749 36.1824)"
"20200614348","2020-09-25T17:59:00.000","2","1","0",,"false","330419","11","Front to Rear",,,"1","DAYLIGHT","12","MOTOR VEHICLE IN TRANSPORT","LEBANON PKE & OLD HICKORY BLVD","HERMITAGE","TN","37076","9613","HERMIT","36.1756","-86.6154","POINT (-86.6154 36.1756)"
"20200614237","2020-09-25T14:45:00.000","2","0","0",,"false","409185","5","SIDESWIPE - SAME DIRECTION",,,"1","DAYLIGHT","12","MOTOR VEHICLE IN TRANSPORT","MM 75 2 I 65","NASHVILLE","TN","37220","71040","MIDTOW","36.0464","-86.7779","POINT (-86.7779 36.0464)"
"20200614213","2020-09-25T16:45:00.000","2","1","0",,"false","320603","11","Front to Rear","21","CLEAR","1","DAYLIGHT","12","MOTOR VEHICLE IN TRANSPORT","ANTIOCH PKE & REEVES RD","ANTIOCH","TN","37013","8893","SOUTH","36.0655","-86.68","POINT (-86.68 36.0655)"
"20200614181","2020-09-25T16:00:00.000","2","0","0",,"false","409192","11","Front to Rear",,,"1","DAYLIGHT","12","MOTOR VEHICLE IN TRANSPORT","I440 E EXT RAMP & I 440","NASHVILLE","TN","37205","5249","WEST","36.1366","-86.8221","POINT (-86.8221 36.1366)"
"20200614136","2020-09-25T16:00:00.000","2","1","0",,"false","256374","11","Front to Rear","22","CLOUDY","1","DAYLIGHT","12","MOTOR VEHICLE IN TRANSPORT","MM 1 7 I 440","NASHVILLE","TN","37209","5312","NORTH","36.1536","-86.8226","POINT (-86.8226 36.1536)"
"20200614107","2020-09-25T15:48:00.000","2","1","0",,"false","384433","4","ANGLE",,,"1","DAYLIGHT","12;6","MOTOR VEHICLE IN TRANSPORT","BRICK CHURCH PKE & I65 S ENT RAMP","NASHVILLE","TN","37207","3007","NORTH","36.2054","-86.778","POINT (-86.778 36.2054)"
"20200614097","2020-09-25T00:00:00.000","2","2","0",,"false","256427","4","ANGLE",,,"1","DAYLIGHT","12","MOTOR VEHICLE IN TRANSPORT","EDMONDSON PKE & BRENTWOOD SQ","NASHVILLE","TN","37211","8653","MIDTOW","36.0416","-86.7439","POINT (-86.7439 36.0416)"
"20200614094","2020-09-25T15:42:00.000","1","1","0",,"false","384402","0","NOT COLLISION W/MOTOR VEHICLE-TRANSPORT",,,"1","DAYLIGHT","1;24;64","GUARDRAIL FACE;Ran Off Road-Left","ELLINGTON PKWYN & I65 N ENT RAMP","NASHVILLE","TN","37216","1882","EAST","36.2328","-86.7472","POINT (-86.7472 36.2328)"
"20200614086","2020-09-25T15:28:00.000","1","0","0",,"false","4001050","0","NOT COLLISION W/MOTOR VEHICLE-TRANSPORT",,,"1","DAYLIGHT","16","THROWN OR FALLING OBJECT","MM 59 0 I 24","ANTIOCH","TN","37013","8808","SOUTH","36.049","-86.6651","POINT (-86.6651 36.049)"
"20200614080","2020-09-25T15:33:00.000","2","0","0",,"false","151132","11","Front to Rear",,,"1","DAYLIGHT","12","MOTOR VEHICLE IN TRANSPORT","SKYLINE MEMORIAL CT & DICKERSON PKE","MADISON","TN","37115","2009","MADISO","36.2439","-86.7566","POINT (-86.7566 36.2439)"
"20200614060","2020-09-25T14:48:00.000","2","0","0",,"false","409215","4","ANGLE","21","CLEAR","1","DAYLIGHT","1;12","MOTOR VEHICLE IN TRANSPORT","12TH AVE S & MCGAVOCK ST","NASHVILLE","TN","37203","4081","CENTRA","36.1555","-86.7868","POINT (-86.7868 36.1555)"
"20200614041","2020-09-25T00:00:00.000","3","1","0",,"true","279233","11","Front to Rear",,,"1","DAYLIGHT","12","MOTOR VEHICLE IN TRANSPORT","MM 209 3 I 40","NASHVILLE","TN","37203","40041","CENTRA","36.1537","-86.7878","POINT (-86.7878 36.1537)"
"20200614012","2020-09-25T14:58:00.000","2","0","0",,"false","332253","11","Front to Rear",,,"1","DAYLIGHT","12","MOTOR VEHICLE IN TRANSPORT","MM 95 1 I 65","GOODLETTSVILLE","TN","37072","1706","MADISO","36.2999","-86.7119","POINT (-86.7119 36.2999)"
"20200613971","2020-09-25T14:43:00.000","1","0","0",,"false","352215","0","NOT COLLISION W/MOTOR VEHICLE-TRANSPORT","22","CLOUDY","1","DAYLIGHT","18","OTHER OBJECT (NOT FIXED)","BRILEY PKWYS & BRILEY PKWYN","NASHVILLE","TN","37218","3212","NORTH","36.2142","-86.8724","POINT (-86.8724 36.2142)"
"20200613940","2020-09-25T14:00:00.000","2","0","0",,"false","226622","11","Front to Rear",,,"1","DAYLIGHT","12","MOTOR VEHICLE IN TRANSPORT","WHITE BRIDGE PKE & BROOKWOOD PL","NASHVILLE","TN","37209","5107","WEST","36.1328","-86.8579","POINT (-86.8579 36.1328)"
"20200613929","2020-09-25T14:11:00.000","1","1","0",,"false","352197","0","NOT COLLISION W/MOTOR VEHICLE-TRANSPORT",,,"1","DAYLIGHT","18;36","OTHER OBJECT (NOT FIXED);CONCRETE TRAFFIC BARRIER","MM 89 2 I 65","NASHVILLE","TN","37207","18062","EAST","36.233","-86.7685","POINT (-86.7685 36.233)"
"20200613892","2020-09-25T13:45:00.000","2","2","0",,"false","420040","4","ANGLE",,,"1","DAYLIGHT","12","MOTOR VEHICLE IN TRANSPORT","NOLENSVILLE PKE & TANKSLEY AV","NASHVILLE","TN","37211","8425","SOUTH","36.1091","-86.7443","POINT (-86.7443 36.1091)"
"20200613836","2020-09-25T00:00:00.000","2","0","0",,"false","414731","98","OTHER","99","UNKNOWN","9","UNKNOWN","12","MOTOR VEHICLE IN TRANSPORT","HICKORY HIGHLANDS DR & BELL RD","ANTIOCH","TN","37013","8861","SOUTH","36.0607","-86.6401","POINT (-86.6401 36.0607)"
"20200613827","2020-09-25T13:01:00.000","2","0","0",,"false","137872","4","ANGLE","21","CLEAR","1","DAYLIGHT","12","MOTOR VEHICLE IN TRANSPORT","BRILEY PKWY N ENT RAMP & LEBANON PKE","NASHVILLE","TN","37214","9203","HERMIT","36.1685","-86.688","POINT (-86.688 36.1685)"
"20200613805","2020-09-25T12:50:00.000","2","0","0",,"true","420035","11","Front to Rear",,,"1","DAYLIGHT","55","Motor Vehicle-In-Motion Outside Trafficw","MADISON SQ & GALLATIN PKES","MADISON","TN","37115","1783","MADISO","36.2533","-86.7169","POINT (-86.7169 36.2533)"
"20200613771","2020-09-25T12:27:00.000","2","0","0",,"false","4000823","98","OTHER",,,"1","DAYLIGHT","14","PARKED MOTOR VEHICLE","NOLENSVILLE PKE & NEWSOME ST","NASHVILLE","TN","37210","8319","SOUTH","36.1191","-86.7493","POINT (-86.7493 36.1191)"
"20200613770","2020-09-25T00:00:00.000","2","2","0",,"false","384408","6","SIDESWIPE - OPPOSITE DIRECTION",,,"1","DAYLIGHT","12","MOTOR VEHICLE IN TRANSPORT","OLD HICKORY BLVDW & DICKERSON PKE","MADISON","TN","37115","2039","MADISO","36.2692","-86.7556","POINT (-86.7556 36.2692)"
"20200613754","2020-09-25T11:24:00.000","2","0","0",,"false","414731","11","Front to Rear","22","CLOUDY","1","DAYLIGHT","12","MOTOR VEHICLE IN TRANSPORT","MURFREESBORO PKE & HAMILTON CHURCH RD","ANTIOCH","TN","37013","8865","SOUTH","36.0649","-86.6286","POINT (-86.6286 36.0649)"
"20200613741","2020-09-25T12:10:00.000","2","0","0",,"false","462474","4","ANGLE",,,"1","DAYLIGHT","12","MOTOR VEHICLE IN TRANSPORT","WEDGEWOOD AV & I65 S ENT RAMP","NASHVILLE","TN","37204","6945","MIDTOW","36.1342","-86.7764","POINT (-86.7764 36.1342)"
"20200613635","2020-09-25T11:05:00.000","2","0","0",,"true","4000719","5","SIDESWIPE - SAME DIRECTION",,,"1","DAYLIGHT","12","MOTOR VEHICLE IN TRANSPORT","ANTIOCH PKE & MILL CREEK BLUE HOLE GRNWY","ANTIOCH","TN","37013","8857","SOUTH","36.0662","-86.6811","POINT (-86.6811 36.0662)"
"20200613589","2020-09-25T10:35:00.000","2","1","0",,"false","4001378","4","ANGLE",,,"1","DAYLIGHT","12","MOTOR VEHICLE IN TRANSPORT","4TH AVS & I40 W EXT RAMP","NASHVILLE","TN","37203","4007","CENTRA","36.1509","-86.7706","POINT (-86.7706 36.1509)"
"20200613583","2020-09-25T06:15:00.000","1","0","0","true","true","161949","0","NOT COLLISION W/MOTOR VEHICLE-TRANSPORT",,,"4","DAWN","40","MAIL BOX","LAWSON DR & CRESSENT GLEN CT","ANTIOCH","TN","37013","8763","SOUTH","36.0086","-86.6487","POINT (-86.6487 36.0086)"
"20200613582","2020-09-25T10:30:00.000","2","0","0",,"false","693093","4","ANGLE","22","CLOUDY","1","DAYLIGHT","12","MOTOR VEHICLE IN TRANSPORT","CUDE LN & GALLATIN PKEN","MADISON","TN","37115","1731","MADISO","36.2998","-86.6966","POINT (-86.6966 36.2998)"
"20200613554","2020-09-25T10:20:00.000","2","0","0",,"false","665896","11","Front to Rear","21","CLEAR","1","DAYLIGHT","12","MOTOR VEHICLE IN TRANSPORT","CORDER DR & PORTER RD","NASHVILLE","TN","37206","1375","EAST","36.1944","-86.7135","POINT (-86.7135 36.1944)"
"20200613423","2020-09-25T00:00:00.000","2","0","0",,"false","384408","11","Front to Rear",,,"1","DAYLIGHT","12","MOTOR VEHICLE IN TRANSPORT","OLD HICKORY BLVDW & N MARTHONA RD","MADISON","TN","37115","1745","MADISO","36.2644","-86.7292","POINT (-86.7292 36.2644)"
"20200613316","2020-09-25T07:29:00.000","2","0","0",,"false","140790","5","SIDESWIPE - SAME DIRECTION",,,"1","DAYLIGHT","12","MOTOR VEHICLE IN TRANSPORT","MURFREESBORO PKE & THOMPSON PL","NASHVILLE","TN","37217","8879","SOUTH","36.1267","-86.7111","POINT (-86.7111 36.1267)"
"20200613310","2020-09-25T07:44:00.000","2","0","0",,"false","226622","4","ANGLE","22","CLOUDY","1","DAYLIGHT","12","MOTOR VEHICLE IN TRANSPORT","HIGHWAY 100 & HARPETH BEND DR","NASHVILLE","TN","37221","6213","WEST","36.0603","-86.9176","POINT (-86.9176 36.0603)"
"20200613302","2020-09-25T07:37:00.000","2","0","0",,"false","352167","11","Front to Rear",,,"1","DAYLIGHT","12","MOTOR VEHICLE IN TRANSPORT","MM 60 4 I 24","ANTIOCH","TN","37013","88060","SOUTH","36.0364","-86.6449","POINT (-86.6449 36.0364)"
"20200613247","2020-09-25T06:53:00.000","2","0","0",,"false","799013","11","Front to Rear",,,"1","DAYLIGHT","12","MOTOR VEHICLE IN TRANSPORT","MURFREESBORO PKE & LAVERGNE COUCHVILLE P","ANTIOCH","TN","37013","8869","SOUTH","36.0279","-86.5899","POINT (-86.5899 36.0279)"